t_env,loss,grad_norm,q_taken_mean
2500,0.7115467190742493,9.906533,0.3970072265625
3000,0.22827187180519104,2.439326,0.8167369791666667
3500,0.21394628286361694,0.94025654,0.7911289713541667
4000,0.20288482308387756,0.60859925,0.7834532552083333
4500,0.21412035822868347,1.8541008,0.7903123046875
5000,0.19546017050743103,1.7016176,0.8061313802083333
5500,0.21428640186786652,0.9613297,0.7800468098958333
6000,0.18292106688022614,0.6923635,0.7603716796875
6500,0.23769396543502808,2.0737035,0.7248324869791667
7000,0.20468135178089142,1.5987694,0.7637287760416667
7500,0.233186274766922,1.8730172,0.7557572916666667
8000,0.20563268661499023,0.80684114,0.7598259114583333
8500,0.21408995985984802,1.5222911,0.7535524088541666
9000,0.18822169303894043,0.9368136,0.7665599609375
9500,0.22668315470218658,1.9072648,0.6865370442708333
10000,0.2066040337085724,1.9630541,0.6561197265625
10500,0.1829778105020523,0.4635354,0.7486005859375
11000,0.23343650996685028,1.9913236,0.853833984375
11500,0.22533661127090454,2.37514,0.8569184895833334
12000,0.22329382598400116,1.1673739,0.8027241536458334
12500,0.2028733491897583,1.0387161,0.8205138671875
13000,0.24816912412643433,2.7170017,0.7732669270833333
13500,0.2133674919605255,0.8879523,0.7953836588541666
14000,0.23103170096874237,1.6869075,0.9287338541666667
14500,0.19669002294540405,0.59034735,0.8882078776041666
15000,0.27237313985824585,3.5339527,0.7274310546875
15500,0.17586076259613037,0.65999705,0.7416069661458333
16000,0.19137370586395264,1.851219,0.7941074869791667
16500,0.21701747179031372,1.7624336,0.8456289713541667
17000,0.2070990800857544,1.9969116,0.8532895182291667
17500,0.20192572474479675,1.7326415,0.8262833333333334
18000,0.20697569847106934,0.42414722,0.8597158203125
18500,0.23842176795005798,2.510371,0.7184889322916667
19000,0.23287290334701538,1.20478,0.7872953125
19500,0.19989337027072906,0.9738725,0.7902338541666667
20000,0.21261389553546906,1.0030411,0.7921965494791666
20500,0.26111018657684326,3.7636907,0.7506938802083334
21000,0.18756794929504395,0.8773397,0.8360125
21500,0.20062033832073212,2.807273,0.9499970052083333
22000,0.1973925530910492,2.009601,0.896627734375
22500,0.20068149268627167,0.7328615,0.9007107421875
23000,0.1596919596195221,0.8751137,0.8027466796875
23500,0.2628640830516815,3.4060445,0.7514496744791667
24000,0.1891936957836151,1.3488973,0.9073364583333333
24500,0.19910316169261932,0.7699687,0.9064802083333333
25000,0.20117110013961792,1.2865003,0.8700859375
25500,0.20786258578300476,1.8242482,0.9084841796875
26000,0.24611300230026245,4.142586,0.9759393880208334
26500,0.17164760828018188,1.2959933,0.90732265625
27000,0.20630213618278503,0.88818,0.9314029947916667
27500,0.1825805902481079,1.0200862,0.8709682942708333
28000,0.32727351784706116,5.6728225,1.0507751302083332
28500,0.20498263835906982,1.3724763,0.8551389322916667
29000,0.1813925802707672,1.1948799,0.9200802083333334
29500,0.19113823771476746,1.8162607,0.9570125651041667
30000,0.2054097205400467,0.7408315,0.9495461588541667
30500,0.21367675065994263,2.272743,0.8592766927083333
31000,0.2053239941596985,2.020465,0.8527712239583334
31500,0.1987948715686798,1.6052884,0.8492872395833333
32000,0.16290169954299927,0.946495,0.8905322916666667
32500,0.23743608593940735,3.1752934,0.8349825520833334
33000,0.17333978414535522,1.1619865,0.838190234375
33500,0.2020052969455719,1.9182168,0.7892555989583333
34000,0.21354059875011444,3.1911707,0.6654347005208333
34500,0.17028608918190002,0.9415352,0.8094130859375
35000,0.16287453472614288,0.8188819,0.8153704427083334
35500,0.2039489448070526,3.3930104,0.90714375
36000,0.1982758641242981,1.1180121,0.8632781901041666
36500,0.16258713603019714,1.3048954,0.854713671875
37000,0.16807250678539276,1.982225,0.9011400390625
37500,0.220341756939888,2.7193646,0.9516551432291667
38000,0.16730435192584991,1.5088768,0.8436386067708334
38500,0.2102176398038864,2.5205023,0.9345026692708334
39000,0.20592667162418365,2.5867202,0.9172676432291667
39500,0.20396356284618378,2.5735602,0.9506537760416667
40000,0.19487932324409485,2.992964,0.9341685546875
40500,0.1836584508419037,1.7825608,0.8941241536458333
41000,0.2716074287891388,4.6248746,1.0560108723958332
41500,0.2025924026966095,0.7537555,0.9968699869791666
42000,0.24090446531772614,1.5738765,1.0057377604166666
42500,0.17856276035308838,1.1251677,0.8937368489583334
43000,0.20073382556438446,3.2568786,0.74746484375
43500,0.2282741367816925,2.6999323,0.8223468098958333
44000,0.3018016517162323,4.628393,0.8083598958333333
44500,0.1699213683605194,0.7502684,0.865669921875
45000,0.17868074774742126,0.8409884,0.9082483723958333
45500,0.17062914371490479,1.1756152,0.9295780598958333
46000,0.2038685381412506,1.750477,0.9647805338541666
46500,0.23673640191555023,4.3591204,1.0315973958333333
47000,0.18441852927207947,0.58161634,0.9335936197916667
47500,0.1978207677602768,1.2633126,0.9235509765625
48000,0.2373608499765396,1.5476902,0.9452810546875
48500,0.20420187711715698,0.6740397,0.933231640625
49000,0.2013939619064331,2.9223225,1.0168576171875
49500,0.18224114179611206,2.017676,0.9645149088541667
50000,0.20788167417049408,1.4109167,0.9834408203125
50500,0.22296354174613953,2.809291,1.019987890625
51000,0.18519482016563416,2.416392,0.9553921875
51500,0.23663082718849182,1.9325174,1.0262423177083333
52000,0.172012597322464,1.4413586,0.9261050130208334
52500,0.23913195729255676,1.2984766,0.9816830729166667
53000,0.2121044397354126,2.0077443,1.0134221354166666
53500,0.19052132964134216,1.0896823,0.9106266927083333
54000,0.23994840681552887,2.4789321,1.0596111328125
54500,0.23281386494636536,4.460865,1.015978515625
55000,0.20359128713607788,1.8853928,1.0199807942708334
55500,0.22228941321372986,1.5021658,0.919330078125
56000,0.2214367836713791,1.3492116,0.9636143880208333
56500,0.26123046875,3.8281515,0.8212782552083333
57000,0.3058312237262726,3.992406,0.8504405598958333
57500,0.24847397208213806,1.6599699,0.8870873697916667
58000,0.22562390565872192,1.8650825,0.7632338541666667
58500,0.19137153029441833,0.74734306,0.82860078125
59000,0.21906253695487976,1.6129191,0.8600822265625
59500,0.26194119453430176,2.8507633,0.8087772135416667
60000,0.21496887505054474,0.5664204,0.87403671875
60500,0.2229308784008026,0.89836127,0.8568096354166667
61000,0.19435708224773407,1.8139557,0.7666791015625
61500,0.22034375369548798,2.9880702,0.7292850911458333
62000,0.2309645116329193,1.8238608,0.7958639322916666
62500,0.15443465113639832,0.63548034,0.7916103515625
63000,0.18624384701251984,1.0570341,0.7810599609375
63500,0.2383255660533905,0.67486423,0.7937645182291667
64000,0.33519014716148376,6.038303,0.5638149739583334
64500,0.23582515120506287,1.0018845,0.800651953125
65000,0.18081174790859222,0.8105643,0.7432740885416667
65500,0.20685753226280212,1.4740511,0.7847879557291667
66000,0.19208285212516785,2.3460345,0.82855703125
66500,0.19538812339305878,1.0373138,0.7463612630208334
67000,0.1987714022397995,0.7453127,0.784626953125
67500,0.19463345408439636,1.9178892,0.8219431640625
68000,0.2738513946533203,4.834681,0.9722352213541666
68500,0.19513902068138123,0.6044302,0.8451302734375
69000,0.19183844327926636,1.4887311,0.7418494791666667
69500,0.2546800673007965,2.1061294,0.8043576822916667
70000,0.22244499623775482,1.8306552,0.736241796875
70500,0.2082516849040985,1.138337,0.7709490885416667
71000,0.18274755775928497,0.58648366,0.768425390625
71500,0.18256843090057373,1.1253513,0.6917391276041667
72000,0.21960555016994476,1.9566,0.6762796223958333
72500,0.18397612869739532,2.3893197,0.6308403645833334
73000,0.1704651564359665,1.1464312,0.6478018880208334
73500,0.2175336480140686,0.753923,0.7305149088541667
74000,0.20781093835830688,1.3749993,0.7030875651041667
74500,0.19794514775276184,0.8656549,0.740313671875
75000,0.19576263427734375,1.8415246,0.7457988932291667
75500,0.27481430768966675,3.6852498,0.6850255859375
76000,0.18213863670825958,0.91646314,0.7302827473958333
76500,0.19807040691375732,0.5883636,0.7306314453125
77000,0.235841304063797,2.6892695,0.8328016927083334
77500,0.21345940232276917,1.3102266,0.776226171875
78000,0.2886633276939392,2.5943544,0.8785515625
78500,0.2442409098148346,1.3737812,0.8343890625
79000,0.20118510723114014,0.8371253,0.8024349609375
79500,0.22733163833618164,2.3312385,0.8950660807291667
80000,0.22688308358192444,1.1049345,0.8143850260416666
80500,0.25005805492401123,3.6718805,0.8758686848958334
81000,0.21365810930728912,1.341989,0.7573621744791666
81500,0.25486496090888977,1.2666935,0.8459504557291667
82000,0.22656932473182678,1.5468851,0.7245903645833334
82500,0.18702787160873413,1.5283927,0.7301948567708333
83000,0.2635422945022583,2.791313,0.6579361328125
83500,0.2201014906167984,1.352375,0.7038639322916667
84000,0.20756174623966217,1.4657468,0.7937416015625
84500,0.2312481552362442,1.9364749,0.843873046875
85000,0.2510150372982025,2.0255954,0.7141756510416667
85500,0.26648324728012085,1.4386095,0.7583325520833334
86000,0.2605876922607422,2.7829208,0.772784765625
86500,0.2066280096769333,2.4069648,0.7403374348958334
87000,0.2122873216867447,1.3298938,0.7626419921875
87500,0.23343190550804138,3.2969582,0.765364453125
88000,0.2227838933467865,1.7434205,0.7067208984375
88500,0.23554697632789612,1.3537998,0.7401421223958333
89000,0.22016379237174988,1.2832389,0.7439337239583333
89500,0.17428332567214966,0.68991727,0.7115798828125
90000,0.22871869802474976,1.3582315,0.7412985026041666
90500,0.23546043038368225,2.2675571,0.7668298828125
91000,0.2152712345123291,2.7122228,0.8078203125
91500,0.19174017012119293,0.702062,0.70408828125
92000,0.2789957523345947,1.2418823,0.7565563151041667
92500,0.250639408826828,3.2822628,0.6029844401041666
93000,0.21117031574249268,2.0851822,0.6776384765625
93500,0.2264326512813568,1.3040886,0.6135563151041666
94000,0.2235220968723297,2.5096092,0.7254908854166666
94500,0.23609796166419983,3.4703803,0.7072564453125
95000,0.20346814393997192,1.0279887,0.633251171875
95500,0.21889562904834747,1.161421,0.6221388671875
96000,0.2041187584400177,1.4447254,0.5979952473958333
96500,0.19800293445587158,1.8484539,0.5907513020833334
97000,0.16773487627506256,0.7325301,0.6206329427083334
97500,0.18863269686698914,1.0215418,0.6228630208333333
98000,0.19840183854103088,1.1675147,0.6191869791666667
98500,0.24316659569740295,2.1497753,0.6348009114583333
99000,0.2763247787952423,2.4508214,0.62892890625
99500,0.24748627841472626,0.9502023,0.705232421875
100000,0.22934387624263763,1.3798976,0.6565513020833333
100500,0.17302875220775604,0.8996488,0.5739491536458333
101000,0.22080403566360474,2.5152946,0.5261775390625
101500,0.20292656123638153,0.89720553,0.6135828125
102000,0.22704023122787476,2.9591637,0.53550263671875
102500,0.3051708936691284,2.333888,0.636842578125
103000,0.27904534339904785,2.6569035,0.5543368489583334
103500,0.20361052453517914,0.8777962,0.5714016927083333
104000,0.2492683231830597,2.4663036,0.52178505859375
104500,0.2405574917793274,2.0794156,0.5633231770833333
105000,0.2196289598941803,0.9837425,0.6509580078125
105500,0.21750903129577637,0.8741651,0.6312153645833334
106000,0.24093696475028992,2.885528,0.566793359375
106500,0.24889060854911804,0.8339944,0.6638696614583334
107000,0.2353377342224121,1.2362795,0.6506868489583333
107500,0.26903223991394043,2.9816687,0.6046809895833334
108000,0.21419796347618103,1.6100078,0.5417103515625
108500,0.2929936349391937,1.5436659,0.63275546875
109000,0.24336475133895874,1.345464,0.6161772135416667
109500,0.30351805686950684,3.3406873,0.6335834635416666
110000,0.2470533400774002,1.7504121,0.623425390625
110500,0.2098698765039444,1.3698683,0.47886669921875
111000,0.2542222738265991,1.0984122,0.6499685546875
111500,0.22018000483512878,2.16948,0.6438707682291667
112000,0.19434286653995514,1.4051127,0.6167350911458334
112500,0.1862279176712036,1.6636319,0.5990591796875
113000,0.21126875281333923,1.1656106,0.5634403645833334
113500,0.22858503460884094,2.5932,0.6878473307291667
114000,0.263362318277359,1.8830439,0.6631385416666666
114500,0.23903389275074005,1.2034878,0.654364453125
115000,0.3096112012863159,4.62218,0.8161640625
115500,0.2370903640985489,1.1380703,0.7579395833333333
116000,0.3590795397758484,5.3899484,0.9462251302083333
116500,0.2675126791000366,1.2122875,0.800951171875
117000,0.2579856216907501,1.9416165,0.6885630208333333
117500,0.24422332644462585,1.1369822,0.7653651041666667
118000,0.24148263037204742,1.2190421,0.6918824869791667
118500,0.2558225691318512,1.2594615,0.7759942708333334
119000,0.2980128526687622,1.6183926,0.8069870442708333
119500,0.24434271454811096,1.1749917,0.75203046875
120000,0.3659290671348572,5.526609,0.5563969401041666
120500,0.25243449211120605,1.1453245,0.6784708333333334
121000,0.2020912766456604,0.83894354,0.5803369140625
121500,0.2353314310312271,0.9385078,0.6615009114583333
122000,0.25296643376350403,1.71678,0.6572909505208333
122500,0.21451672911643982,1.4294871,0.5518237630208334
123000,0.22826729714870453,1.45657,0.7354559895833334
123500,0.27462148666381836,2.7374284,0.7796053385416667
124000,0.24763810634613037,1.620015,0.7185981119791667
124500,0.2295081913471222,1.8621727,0.7812671223958333
125000,0.23142193257808685,1.2771182,0.7120185546875
125500,0.2686184048652649,3.6038396,0.5670795572916667
126000,0.26775720715522766,2.6971292,0.7355869140625
126500,0.23353195190429688,1.3184872,0.7267399739583333
127000,0.29484087228775024,2.7386975,0.8251785807291667
127500,0.29102951288223267,2.6813526,0.8133329427083333
128000,0.21486403048038483,1.2140541,0.6937016927083334
128500,0.2642337679862976,1.0147209,0.743225
129000,0.23478230834007263,1.2451172,0.7275534505208333
129500,0.25106966495513916,2.986283,0.6279366536458333
130000,0.25700798630714417,3.1025586,0.8072195963541666
130500,0.2766238749027252,1.1041759,0.9176068359375
131000,0.4154209792613983,6.4152803,0.628075
131500,0.2798320949077606,1.2673137,0.8601477864583333
132000,0.2870338559150696,1.7783413,0.815601953125
132500,0.2829205393791199,1.5175799,0.9678664713541667
133000,0.23582765460014343,1.8530177,0.9352829427083333
133500,0.2998477816581726,2.7241473,0.9816182942708334
134000,0.26885277032852173,2.071527,0.9368459635416667
134500,0.2521616816520691,2.7313123,0.8987375
135000,0.3063685894012451,1.4233631,0.96400703125
135500,0.2687586843967438,2.8100038,0.8321845052083333
136000,0.22993434965610504,1.3042424,0.855890234375
136500,0.24190983176231384,2.475438,0.91392109375
137000,0.3021945655345917,4.12339,1.065082421875
137500,0.24425113201141357,1.2663808,0.9331165364583334
138000,0.28809046745300293,2.1564867,0.9747234375
138500,0.2428412139415741,1.7980901,0.84269375
139000,0.24991971254348755,2.9048436,0.7529389322916666
139500,0.272580623626709,3.5683742,1.0328138020833333
140000,0.3099766969680786,2.0947309,1.0654793619791667
140500,0.3473622798919678,3.4860356,0.9660772135416666
141000,0.291401743888855,2.0373893,0.9298716145833333
141500,0.21871863305568695,1.4536457,0.85074140625
142000,0.2887648344039917,1.3006103,1.01023046875
142500,0.26893818378448486,2.3125033,0.9059596354166667
143000,0.25207948684692383,1.2907014,0.9248679036458334
143500,0.3262920677661896,3.6545906,0.8479234375
144000,0.2527848780155182,2.4431894,0.8718889973958334
144500,0.22287654876708984,1.895817,0.9225990234375
145000,0.2877694070339203,2.909063,1.0173998046875
145500,0.3713161051273346,6.533163,1.1613865885416668
146000,0.3127882778644562,3.8176866,1.03820625
146500,0.2491219937801361,1.0558404,1.0459061197916666
147000,0.24222087860107422,1.0336506,1.0046967447916666
147500,0.27472975850105286,1.3378649,1.007547265625
148000,0.3323720097541809,1.6644908,1.0900712239583332
148500,0.26445281505584717,2.467093,1.0286432291666667
149000,0.3892741799354553,6.759296,1.11011171875
149500,0.325486421585083,3.4083505,0.9518341796875
150000,0.342533677816391,3.555007,0.9055524739583334
150500,0.22850927710533142,1.5950841,0.757693359375
151000,0.25387042760849,1.319033,0.8547602864583334
151500,0.24408601224422455,1.3199884,0.8519064453125
152000,0.3030734360218048,4.542374,0.96061875
152500,0.24950337409973145,1.2519265,0.83308671875
153000,0.2960329055786133,1.5745896,0.9731328776041667
153500,0.2773246467113495,2.8990636,0.9527466796875
154000,0.29222553968429565,1.6090655,0.8937054036458333
154500,0.3106288015842438,3.1660056,0.7781449869791667
155000,0.26916128396987915,1.6847775,0.8508268880208333
155500,0.2964390516281128,2.4152474,1.0037595052083332
156000,0.20729964971542358,1.4593674,0.7029938151041667
156500,0.2728613317012787,1.433203,0.9205921223958333
157000,0.28779223561286926,2.3241389,0.8340333984375
157500,0.2897878885269165,1.4737967,0.9109751953125
158000,0.396658718585968,5.801265,1.0647825520833334
158500,0.29145312309265137,4.7537956,0.937801953125
159000,0.2547759413719177,3.3183017,0.8620056640625
159500,0.29236507415771484,2.0502398,0.824384375
160000,0.3029366731643677,4.1793237,0.7330274739583333
160500,0.25729355216026306,1.8074131,0.8073666015625
161000,0.25982466340065,3.313275,0.8358172526041666
161500,0.24327906966209412,2.0339828,0.7746032552083333
162000,0.28286585211753845,1.2894359,0.8946396484375
162500,0.21904197335243225,2.285584,0.6933796223958333
163000,0.26953136920928955,3.4705758,0.6060561197916666
163500,0.20743288099765778,1.7776371,0.6764074869791666
164000,0.27069464325904846,2.1117346,0.7091938151041667
164500,0.25613483786582947,2.3864064,0.7121479817708334
165000,0.19435858726501465,1.3695728,0.6692931640625
165500,0.2074112594127655,1.4555856,0.7263296223958333
166000,0.46527549624443054,7.4679756,0.9722910807291667
166500,0.22217941284179688,1.5052158,0.7388983723958333
167000,0.2647954821586609,1.5566703,0.7926110677083333
167500,0.27447426319122314,3.1717546,0.8433369140625
168000,0.2730482816696167,1.6166809,0.8392974609375
168500,0.3289416432380676,4.035593,0.6547869791666666
169000,0.2960863709449768,1.2877928,0.8780138671875
169500,0.2675175368785858,2.822365,0.7061561197916667
170000,0.28314408659935,2.7944517,0.7153645833333333
170500,0.334014356136322,3.5499675,0.7636190755208333
171000,0.32084789872169495,2.365235,0.9069671875
171500,0.29670968651771545,2.768119,0.791382421875
172000,0.241726353764534,1.1217601,0.7535287109375
172500,0.23240816593170166,1.3616471,0.7398590494791667
173000,0.3264364004135132,2.495305,0.7568979166666666
173500,0.2532316744327545,1.9690849,0.6721122395833333
174000,0.23565450310707092,1.5025905,0.802190234375
174500,0.3744349777698517,3.6634781,0.9335393229166666
175000,0.24737556278705597,1.5454308,0.7055113932291667
175500,0.34071874618530273,4.460621,0.5668401692708334
176000,0.2754400372505188,1.6041439,0.7468061197916667
176500,0.33005496859550476,4.1745834,0.7372794270833334
177000,0.2757686376571655,2.1218393,0.749180078125
177500,0.3098365068435669,1.7906889,0.8188668619791667
178000,0.2590552866458893,1.9933615,0.7189923177083334
178500,0.23870238661766052,1.6468625,0.6440569661458333
179000,0.30332085490226746,4.176283,0.598201171875
179500,0.21171364188194275,1.6262407,0.5515456380208333
180000,0.2726017236709595,2.9481864,0.6113284505208333
180500,0.27039363980293274,2.6992214,0.6824996744791667
181000,0.26351580023765564,3.0182533,0.6648152994791666
181500,0.2660341262817383,2.6119938,0.7167993489583333
182000,0.2802165150642395,2.271223,0.8049347005208334
182500,0.30243605375289917,2.1900294,0.7048738932291667
183000,0.28721973299980164,2.4445553,0.7100549479166667
183500,0.25501465797424316,1.4107821,0.624125
184000,0.28190878033638,2.70919,0.6656250651041666
184500,0.2562423050403595,2.9127522,0.8767231119791666
185000,0.25846102833747864,1.9513525,0.6660866536458333
185500,0.30219146609306335,2.2849648,0.7276833333333333
186000,0.2877998352050781,3.3299575,0.69675390625
186500,0.2639487683773041,2.3536537,0.7745919270833334
187000,0.22371889650821686,1.0489469,0.630684375
187500,0.37276849150657654,4.8956685,0.6329442057291667
188000,0.23673386871814728,1.6619167,0.579573828125
188500,0.17195530235767365,0.94846404,0.4076891927083333
189000,0.24249646067619324,1.6043986,0.6147167317708333
189500,0.24089747667312622,1.7450992,0.507882421875
190000,0.2489604949951172,2.2087514,0.5769322916666667
190500,0.247935950756073,2.8102245,0.47168772786458335
191000,0.3229486048221588,2.5109897,0.5555970052083333
191500,0.22859801352024078,1.9417112,0.47474417317708334
192000,0.24513103067874908,1.4139953,0.6151684895833334
192500,0.2835220694541931,3.0383976,0.53415322265625
193000,0.25096240639686584,2.803586,0.5147052734375
193500,0.21450656652450562,2.4130101,0.4435314127604167
194000,0.38253599405288696,5.6920147,0.361302734375
194500,0.42004743218421936,4.4885397,0.7048436197916667
195000,0.2918459177017212,2.270579,0.5979967447916666
195500,0.25939804315567017,2.3205779,0.5840866536458333
196000,0.26142486929893494,3.01013,0.5135328125
196500,0.2453003227710724,1.5503905,0.6228111328125
197000,0.31470513343811035,4.009427,0.54566552734375
197500,0.2619621157646179,1.7384075,0.6287265625
198000,0.24945390224456787,2.5538826,0.67917265625
198500,0.27066102623939514,1.5300267,0.6834557942708334
199000,0.29316842555999756,3.1893616,0.557966796875
199500,0.2750842273235321,2.121361,0.5934436197916667
200000,0.3537968397140503,4.687685,0.5463845052083334
200500,0.2459762543439865,1.4919051,0.63614375
201000,0.24968263506889343,2.28739,0.6225901692708333
201500,0.3652384579181671,4.158902,0.6067131510416667
202000,0.2952221930027008,1.8220918,0.6123153645833334
202500,0.22939935326576233,2.2548487,0.6172254557291666
203000,0.30660802125930786,2.0578663,0.778452734375
203500,0.27630773186683655,1.6722329,0.6230176432291666
204000,0.38303717970848083,6.6277637,0.5104150065104167
204500,0.23674510419368744,2.753174,0.6637248046875
205000,0.27804034948349,1.4390174,0.6765188802083333
205500,0.2758190929889679,1.6469638,0.69296640625
206000,0.28558769822120667,1.3866887,0.6695598958333333
206500,0.49258100986480713,6.2334323,0.6966185546875
207000,0.2867512106895447,1.8654306,0.7251061848958333
207500,0.21490523219108582,1.1081797,0.6111032552083333
208000,0.2706606686115265,1.1584972,0.7698638020833334
208500,0.32329368591308594,2.3928068,0.6854774739583334
209000,0.2516353130340576,2.2600875,0.6213643229166667
209500,0.3578484058380127,3.9123278,0.6207160807291666
210000,0.2471180111169815,1.6659374,0.689612109375
210500,0.29155492782592773,2.013334,0.7698345703125
211000,0.29014837741851807,3.5309057,0.5659987630208333
211500,0.3469204902648926,2.76992,0.8070313802083333
212000,0.39234352111816406,6.852065,0.6427171223958333
212500,0.2814221978187561,2.989165,0.8130180989583333
213000,0.2963750958442688,1.4369693,0.8253419921875
213500,0.3415965437889099,6.0394363,0.8216883463541667
214000,0.3037551939487457,5.1327963,0.8170211588541667
214500,0.2743232250213623,2.4250972,0.8104154296875
215000,0.2683917284011841,1.6013563,0.7574587890625
215500,0.3353812098503113,2.472074,0.8265302083333333
216000,0.3791680335998535,4.902146,0.8998386067708334
216500,0.3035411536693573,2.3739834,0.7915994140625
217000,0.271193265914917,2.2346544,0.816886328125
217500,0.3253829777240753,3.5535834,0.9336547526041666
218000,0.2570550739765167,1.8008044,0.8201705078125
218500,0.4154301881790161,5.0959735,1.08693203125
219000,0.27053895592689514,2.4085772,0.8264055989583333
219500,0.25534361600875854,1.5489397,0.7623064453125
220000,0.35635656118392944,2.6787348,0.9185626953125
220500,0.3492637872695923,3.346716,0.8558235677083333
221000,0.25285056233406067,1.7637664,0.8341722005208333
221500,0.3192571997642517,3.5043132,0.9204924479166666
222000,0.3560396730899811,2.2289844,1.008103515625
222500,0.2791307270526886,3.4108088,0.7429485677083333
223000,0.25350421667099,3.0340111,0.6563797526041667
223500,0.3470965325832367,2.7544277,0.8705132161458333
224000,0.33766961097717285,5.9122868,0.5106950846354167
224500,0.31325632333755493,3.804868,0.6745588541666667
225000,0.3184313476085663,1.9676706,0.7953233072916667
225500,0.3690735995769501,5.0592055,0.9616994140625
226000,0.2781658470630646,1.5280477,0.7352504557291667
226500,0.40870386362075806,4.7095947,0.7710108072916667
227000,0.3237915635108948,5.427448,0.5672682291666666
227500,0.2972780168056488,1.7144527,0.7732129557291667
228000,0.31737399101257324,2.9105818,0.7411830078125
228500,0.30031460523605347,2.2241132,0.785835546875
229000,0.35432788729667664,5.111408,0.7634955078125
229500,0.346695214509964,2.5909066,0.8241858723958333
230000,0.34847351908683777,3.9102612,0.76675390625
230500,0.3405701518058777,3.0576518,0.8068145833333333
231000,0.25463494658470154,1.1988051,0.78279609375
231500,0.2985796332359314,2.000285,0.7508044921875
232000,0.29577720165252686,1.6829752,0.7808831380208333
232500,0.2935056686401367,2.0126712,0.7831939453125
233000,0.3839721381664276,5.4077754,0.6800912109375
233500,0.3412255644798279,4.8812475,0.6577052083333333
234000,0.3748977780342102,2.3295417,0.9532552083333333
234500,0.312691330909729,3.325843,0.8480774088541667
235000,0.33530569076538086,3.1649623,1.0184854817708333
235500,0.3265503942966461,2.5918796,0.9683143229166666
236000,0.4539967477321625,7.087367,0.7750724609375
236500,0.27131593227386475,1.585767,0.7903623046875
237000,0.3763757646083832,4.202461,0.8482283203125
237500,0.383096307516098,4.227511,0.8672417317708333
238000,0.341955304145813,4.236149,0.700975390625
238500,0.3184233605861664,3.1095588,0.7161139322916666
239000,0.30506736040115356,2.4551382,0.8187073567708333
239500,0.3075895309448242,3.537046,0.7034291666666667
240000,0.31473150849342346,2.9213338,0.7732458333333333
240500,0.2981811463832855,2.32086,0.6538742838541667
241000,0.3125123679637909,3.0264428,0.662634375
241500,0.27030062675476074,1.8507109,0.7008722005208333
242000,0.2529486119747162,1.9682106,0.7370171223958333
242500,0.47429871559143066,11.580353,0.9057174479166666
243000,0.37245044112205505,4.9802237,0.8130940755208333
243500,0.3482073247432709,3.45207,1.0139723958333333
244000,0.5164180397987366,8.444763,1.2743860677083334
244500,0.3234187662601471,2.2258425,0.9992970052083333
245000,0.3357093632221222,1.8767855,1.0556411458333332
245500,0.33154773712158203,6.197445,1.0772688802083332
246000,0.3386360704898834,2.2247157,1.0307744791666666
246500,0.40218719840049744,4.946769,1.0952505208333334
247000,0.343433678150177,2.794203,1.0788587239583334
247500,0.25739002227783203,2.055934,0.8851260416666666
248000,0.46464255452156067,4.9446096,1.2603408854166667
248500,0.3940381407737732,2.7989926,1.0846597005208334
249000,0.36054250597953796,6.1986704,1.0417720703125
249500,0.32527971267700195,2.680482,1.0660285807291667
250000,0.3309042453765869,4.345121,0.95892109375
250500,0.31735023856163025,3.3294334,0.8638610026041667
251000,0.4478520154953003,7.048554,0.8011412760416666
251500,0.2992258071899414,3.5365384,0.7655180989583333
252000,0.4188902676105499,5.254206,0.7767923828125
252500,0.29421940445899963,2.509658,0.85461640625
253000,0.31350889801979065,2.494276,0.9138910807291667
253500,0.32128676772117615,1.2728213,0.9758337890625
254000,0.5120595693588257,8.058515,1.139515625
254500,0.26664718985557556,2.4305983,0.7808063802083334
255000,0.2849169969558716,1.7905954,0.8810951822916666
255500,0.3441479206085205,3.7646134,0.9675334635416667
256000,0.3467772901058197,2.1628911,0.9216055338541667
256500,0.35305219888687134,2.0231988,0.9970865234375
257000,0.3372204303741455,2.233002,1.0207008463541667
257500,0.35125666856765747,4.2021837,0.97750703125
258000,0.36858662962913513,4.447531,0.8544262369791666
258500,0.5115041732788086,7.672294,0.9330004557291667
259000,0.36631709337234497,4.6617684,0.982867578125
259500,0.3786393702030182,5.052906,1.0423782552083334
260000,0.31066614389419556,3.6569462,1.0155309895833333
260500,0.3509601354598999,2.6982698,1.1099484375
261000,0.4480650722980499,6.2614326,1.2705970052083333
261500,0.3986758887767792,2.62466,1.1954770833333332
262000,0.2945055365562439,1.4411259,0.9045361979166666
262500,0.2768271267414093,2.1994464,0.9850938151041667
263000,0.5323607921600342,9.384808,1.0141360677083333
263500,0.4228978157043457,4.2158213,1.191812890625
264000,0.36773836612701416,2.9286153,1.1951971354166666
264500,0.3404345214366913,2.8483613,1.0769427083333334
265000,0.35496050119400024,3.255949,1.162634765625
265500,0.47473886609077454,6.9452147,1.3428678385416666
266000,0.39878174662590027,4.886511,1.3011665364583334
266500,0.3963855803012848,3.0910997,1.2594049479166667
267000,0.4423108398914337,5.3506217,1.2246924479166668
267500,0.533669650554657,13.558733,1.435898828125
268000,0.35809728503227234,2.0318365,1.2171625
268500,0.46042221784591675,7.930682,1.3913885416666667
269000,0.4615694582462311,8.832625,1.392966015625
269500,0.3757961690425873,2.5852206,1.3200354166666666
270000,0.4745650589466095,3.949786,1.2709416666666666
270500,0.4233033061027527,3.5782588,1.1891315104166666
271000,0.4467398226261139,5.579057,1.2799873697916666
271500,0.4373224973678589,2.2696397,1.1874072916666667
272000,0.38146471977233887,3.8072693,1.29343828125
272500,0.3638952970504761,2.0493708,1.24576484375
273000,0.45849210023880005,8.024745,1.2798161458333333
273500,0.4646483361721039,6.448986,1.3039001302083333
274000,0.4305752217769623,2.636804,1.2501184895833333
274500,0.416125625371933,6.332758,1.3033752604166666
275000,0.46764254570007324,7.18892,1.0616022135416667
275500,0.3122931122779846,2.247132,0.882417578125
276000,0.3590650260448456,3.138895,0.9641278645833333
276500,0.33642956614494324,2.9422956,1.0575081380208333
277000,0.3856310248374939,3.2703094,1.0458591145833334
277500,0.3271819055080414,2.7541363,0.8900184244791667
278000,0.44681522250175476,6.307496,1.1284037760416668
278500,0.367480993270874,2.5250013,1.0010682942708333
279000,0.4178418815135956,5.8502784,0.9636994791666667
279500,0.46424293518066406,6.055811,0.9052705078125
280000,0.3318363428115845,2.5845695,0.8733563151041667
280500,0.4149886965751648,3.980091,0.9478354166666667
281000,0.365050733089447,3.306994,0.97704296875
281500,0.3358849287033081,2.6973128,0.8422847005208334
282000,0.42206254601478577,2.9017134,1.0242513671875
282500,0.2946634888648987,1.7297587,0.8998149739583333
283000,0.5020025372505188,8.054225,0.870439453125
283500,0.5209284424781799,7.0872626,1.0682934895833334
284000,0.3728090822696686,2.1798368,1.026750390625
284500,0.4020257890224457,2.3813617,1.1080666666666668
285000,0.39706405997276306,4.9473057,0.905932421875
285500,0.4550653100013733,6.0245337,0.8665516927083333
286000,0.4725973606109619,7.2719316,0.7843495442708334
286500,0.49804866313934326,6.787121,0.8786557291666667
287000,0.3640637993812561,3.3888721,0.8943678385416667
287500,0.4495411515235901,3.9114127,1.0934328125
288000,0.3517204821109772,3.0460672,0.9463608072916667
288500,0.47570380568504333,6.952874,1.2609475260416667
289000,0.3771577775478363,4.180318,0.9486174479166667
289500,0.4817294180393219,7.233433,1.1988114583333334
290000,0.3634655475616455,4.1175017,1.0611474609375
290500,0.4519069194793701,5.982616,1.04345390625
291000,0.3411707878112793,2.3836665,0.9449593098958333
291500,0.445986270904541,6.962046,1.1998485677083333
292000,0.46228307485580444,11.105179,1.115315625
292500,0.5062340497970581,10.371593,1.2912114583333334
293000,0.47948017716407776,5.234072,1.4097768229166667
293500,0.3995106816291809,6.135459,1.2256209635416666
294000,0.5151413679122925,10.19278,1.047433984375
294500,0.49824270606040955,4.318143,1.2043966145833334
295000,0.38182348012924194,2.908438,1.0789672526041667
295500,0.5295211672782898,6.0284033,1.0134082682291667
296000,0.4358600974082947,6.468184,1.0757532552083333
296500,0.4136303663253784,4.452383,1.1306390625
297000,0.5030481219291687,9.111005,0.9067604817708333
297500,0.531017541885376,5.436779,1.1432420572916666
298000,0.4197189509868622,2.9020617,1.2267321614583333
298500,0.40550684928894043,4.767938,1.1314837239583333
299000,0.4270641803741455,3.0267577,1.2081916666666668
299500,0.4162128269672394,3.5882406,1.1982584635416667
300000,0.4380874037742615,4.4458947,1.1928606770833334
300500,0.4618328809738159,6.6267753,1.0587244791666666
301000,0.502862274646759,5.774637,1.16350390625
301500,0.40448683500289917,2.9145818,1.1237208333333333
302000,0.5683977007865906,12.330806,1.0768858723958334
302500,0.43812158703804016,4.0316687,1.1444583333333334
303000,0.34297725558280945,2.4585109,1.0756817708333333
303500,0.4248453676700592,4.6879425,1.2830432291666667
304000,0.5429084897041321,5.622909,1.1341979166666667
304500,0.4681663513183594,6.2853312,1.0611588541666668
305000,0.4405801296234131,3.4349856,1.1019966145833333
305500,0.45691749453544617,3.4589162,1.2088369791666667
306000,0.4025980532169342,4.157511,1.2344036458333334
306500,0.3912823498249054,1.8485637,1.0848801432291666
307000,0.4488505423069,5.4284086,0.9749310546875
307500,0.43347516655921936,4.507602,1.0282000651041667
308000,0.41073209047317505,3.3719099,1.1173786458333332
308500,0.5021957755088806,10.994449,1.2189592447916666
309000,0.415600061416626,2.6683168,1.1090337239583334
309500,0.38395243883132935,5.1381955,1.17101875
310000,0.3909492492675781,2.5884337,1.0591932942708333
310500,0.5189440250396729,7.8204846,0.9618598307291667
311000,0.43665793538093567,3.2148716,1.07098515625
311500,0.4829157292842865,5.881662,1.094846484375
312000,0.45938944816589355,3.3585038,1.1367408854166667
312500,0.5096973180770874,6.93513,0.9991009114583334
313000,0.4370744228363037,6.848372,1.0652042317708332
313500,0.49088409543037415,4.6819973,1.0675748697916667
314000,0.48708951473236084,8.587746,1.3097157552083334
314500,0.4005449414253235,4.8917346,1.0068455078125
315000,0.5301764011383057,9.702155,1.2713036458333333
315500,0.4990200996398926,5.8467727,1.1544333333333334
316000,0.5616286993026733,9.233603,1.1978428385416666
316500,0.6160295605659485,10.571464,0.9800202473958334
317000,0.451038658618927,3.3593738,1.176508203125
317500,0.48416078090667725,7.028207,0.9885999348958333
318000,0.6411077380180359,9.906883,1.3095102864583332
318500,0.46555256843566895,3.7982333,1.3160579427083334
319000,0.5279182195663452,5.7644625,1.484594921875
319500,0.5889617204666138,9.208485,1.4360817708333333
320000,0.426464319229126,4.9621687,1.27274296875
320500,0.39928698539733887,5.325583,1.043355859375
321000,0.5667937994003296,11.128472,1.2960678385416666
321500,0.48812463879585266,4.9208064,1.15424453125
322000,0.5941189527511597,7.457909,1.3633196614583334
322500,0.6025302410125732,9.661774,1.2268576822916666
323000,0.5266374349594116,8.168932,1.1738356770833334
323500,0.44676101207733154,3.5280833,1.2744171875
324000,0.47519606351852417,5.7114215,1.3380631510416667
324500,0.6207845211029053,6.2368956,1.5082265625
325000,0.5289697051048279,4.788833,1.3885037760416667
325500,0.5334987044334412,7.281027,1.2476825520833332
326000,0.5525687336921692,9.038233,1.0656096354166666
326500,0.47678065299987793,2.9823453,1.3465473958333334
327000,0.5177817344665527,7.7974405,1.4802484375
327500,0.55544513463974,7.2593665,1.5060188802083334
328000,0.6153802275657654,8.999185,1.4158173177083333
328500,0.6751304864883423,11.627019,1.4066609375
329000,0.6359344124794006,10.464531,1.5111432291666667
329500,0.5706243515014648,8.496464,1.300373046875
330000,0.5263338088989258,5.4719677,1.37186640625
330500,0.5385271906852722,2.8749764,1.4756166666666666
331000,0.5820385813713074,7.353983,1.48075390625
331500,0.5880561470985413,11.535747,1.4010763020833332
332000,0.7528021335601807,12.919678,1.3578790364583333
332500,0.6069215536117554,8.710643,1.3735239583333334
333000,0.44704583287239075,4.2671185,1.282562109375
333500,0.5497384071350098,5.9534283,1.3192278645833333
334000,0.5240457057952881,9.622905,1.1216466145833333
334500,0.5196574926376343,6.821954,1.2723290364583333
335000,0.553840696811676,6.684268,1.1903783854166667
335500,0.4824209213256836,4.0680804,1.1823506510416666
336000,0.49952277541160583,5.3534613,1.294069140625
336500,0.5989159345626831,10.716439,1.55941796875
337000,0.4469626545906067,2.478676,1.2226609375
337500,0.5029247403144836,3.4466727,1.4079016927083334
338000,0.5580189228057861,9.138395,1.1361079427083334
338500,0.5458080172538757,10.177528,1.1599627604166667
339000,0.7280290126800537,15.227475,1.242330859375
339500,0.5336934924125671,4.3080144,1.4438930989583334
340000,0.5048179030418396,9.05952,1.3723559895833333
340500,0.7510515451431274,11.758853,1.596302734375
341000,0.5037910342216492,2.6506472,1.4526583333333334
341500,0.5088605880737305,7.0293274,1.4126953125
342000,0.6105262041091919,11.303403,1.49300859375
342500,0.5783628821372986,10.855789,1.6085752604166668
343000,0.574200451374054,10.275046,1.4935329427083333
343500,0.6555463075637817,8.358831,1.5904838541666666
344000,0.5374339818954468,6.3107324,1.527032421875
344500,0.577113687992096,8.254542,1.4060225260416668
345000,0.8085926175117493,14.933826,1.5873873697916667
345500,0.5244652628898621,3.6561198,1.6293098958333334
346000,0.6218116879463196,3.4930747,1.61783828125
346500,0.6892303824424744,14.277124,1.47174609375
347000,0.5831095576286316,9.452072,1.4636453125
347500,0.550308108329773,3.440866,1.60516171875
348000,0.6246165037155151,9.162111,1.4603635416666667
348500,0.5153033137321472,6.7200317,1.3641544270833332
349000,0.6893386244773865,12.805423,1.6306651041666667
349500,0.5874820351600647,9.665689,1.4398885416666667
350000,0.5669685006141663,6.839899,1.3982321614583333
350500,0.5606603622436523,8.803578,1.41554296875
351000,0.5075724124908447,5.573558,1.5611688802083334
351500,0.547631561756134,9.791366,1.5895296875
352000,0.6815664768218994,11.328331,1.87812265625
352500,0.5510542988777161,4.6785645,1.7240463541666666
353000,0.5603788495063782,7.551606,1.59890390625
353500,0.5505172610282898,6.735644,1.4927338541666666
354000,0.5727201104164124,9.847326,1.4956641927083334
354500,0.7820549011230469,16.075613,1.6323717447916666
355000,0.7772785425186157,15.768903,1.7066419270833333
355500,0.5954228043556213,7.439126,1.452491015625
356000,0.6137025952339172,6.6296196,1.60496484375
356500,0.6273893713951111,7.401618,1.58957421875
357000,0.5383334755897522,6.9661965,1.3865013020833334
357500,0.5408470034599304,7.60319,1.7025348958333333
358000,0.6647956967353821,10.43675,1.6754794270833333
358500,0.6204865574836731,10.9991255,1.5624604166666667
359000,0.6217907071113586,7.645014,1.5310606770833333
359500,0.6795794367790222,12.379337,1.6306796875
360000,0.7112615704536438,10.132131,1.7058102864583333
360500,0.8276343941688538,16.985767,1.92433046875
361000,0.5605406761169434,6.149431,1.5870805989583334
361500,0.5759064555168152,9.175463,1.5907067708333333
362000,0.612522542476654,8.118952,1.5775299479166667
362500,0.567894458770752,11.251886,1.4409305989583334
363000,0.5059188604354858,6.694281,1.42980859375
363500,0.5823696255683899,6.267617,1.5959282552083334
364000,0.7017637491226196,12.295311,1.6341869791666668
364500,0.4919050335884094,2.666686,1.5516803385416666
365000,0.6270442605018616,10.700557,1.5284647135416667
365500,0.6374205350875854,10.727891,1.4024346354166666
366000,0.4723275303840637,6.00467,1.19872265625
366500,0.6007360816001892,10.434009,1.46309140625
367000,0.5968336462974548,9.598874,1.3707658854166667
367500,0.6839022636413574,11.911407,1.5782408854166667
368000,0.6322042346000671,10.534046,1.5918975260416666
368500,0.6762920618057251,10.8061285,1.51928203125
369000,0.5630983710289001,10.239704,1.4627217447916667
369500,0.6048704385757446,4.0683184,1.70412421875
370000,0.5864991545677185,10.816824,1.5303522135416667
370500,0.6134018301963806,10.53989,1.5066166666666667
371000,0.5654633045196533,6.180826,1.5165662760416667
371500,0.5052995681762695,8.663323,1.3465661458333333
372000,0.5753802061080933,10.126125,1.5652973958333334
372500,0.6572672128677368,11.079898,1.5187114583333334
373000,0.4951992630958557,4.068229,1.6412725260416667
373500,0.6723746657371521,9.433675,1.7513643229166667
374000,0.6040145754814148,10.370754,1.622553125
374500,0.5240705609321594,5.2074304,1.6073669270833333
375000,0.6171292066574097,8.835383,1.487053125
375500,0.5047266483306885,4.411425,1.3925765625
376000,0.6106567978858948,12.216396,1.4892557291666666
376500,0.605920672416687,10.463578,1.321545703125
377000,0.5317583084106445,5.883158,1.398166796875
377500,0.5935293436050415,9.17009,1.4869330729166668
378000,0.5486614108085632,7.05749,1.3415201822916667
378500,0.6473649740219116,10.041969,1.338977734375
379000,0.6353217959403992,14.45292,1.4720291666666667
379500,0.5923044681549072,7.967588,1.4146743489583333
380000,0.5651496648788452,8.600745,1.3658759114583334
380500,0.5630478858947754,8.450385,1.3139557291666666
381000,0.4875962734222412,6.789312,1.2611404947916667
381500,0.6687676906585693,11.734202,1.5262052083333333
382000,0.5851786136627197,8.116991,1.4890470052083333
382500,0.6094591021537781,8.516457,1.3298889322916667
383000,0.5250356793403625,8.792803,1.4052061197916668
383500,0.5074450969696045,2.695269,1.5545110677083334
384000,0.6118966341018677,11.02444,1.4208182291666667
384500,0.5837044715881348,10.213431,1.5155447916666667
385000,0.5644549131393433,3.9184618,1.4746869791666666
385500,0.5720855593681335,7.686314,1.4677720052083334
386000,0.9005441665649414,12.434451,1.5746692708333334
386500,0.6544537544250488,10.737708,1.6808846354166667
387000,0.645534336566925,10.866797,1.3758109375
387500,0.6054981350898743,10.798975,1.4106848958333333
388000,0.6323962211608887,8.001352,1.66307578125
388500,0.7186183929443359,11.275806,1.6399552083333333
389000,0.5870164632797241,13.125327,1.4741865885416667
389500,0.5595149993896484,9.141878,1.3112044270833334
390000,0.653615415096283,13.931815,1.4828330729166668
390500,0.5020970106124878,9.607287,1.42519921875
391000,0.6079164147377014,13.1329365,1.6351998697916668
391500,0.6977688670158386,11.988811,1.6051260416666666
392000,0.6241441369056702,10.873613,1.55708671875
392500,0.7849242687225342,11.876979,1.6051463541666666
393000,0.5945873260498047,10.166235,1.51013984375
393500,0.6341990828514099,10.352776,1.5732009114583334
394000,0.6259323358535767,9.6389,1.5514380208333334
394500,0.6830658316612244,11.366849,1.6754701822916667
395000,0.6213882565498352,6.133245,1.4838920572916667
395500,0.5848783254623413,10.495408,1.5158078125
396000,0.6347824931144714,13.23956,1.4699975260416667
396500,0.6052224040031433,12.275207,1.4676966145833332
397000,0.5265631079673767,6.773947,1.4469197916666667
397500,0.5847424268722534,12.499743,1.4839153645833334
398000,0.6445136070251465,9.667141,1.3883225260416667
398500,0.6314247250556946,9.363456,1.4410407552083333
399000,0.6746386289596558,11.764554,1.6707475260416667
399500,0.6391656398773193,10.963709,1.4727397135416667
400000,0.6916531324386597,10.920281,1.6146153645833334
400500,0.6692252159118652,12.113027,1.5407201822916667
401000,0.8554691672325134,14.535821,1.7264868489583334
401500,0.6799595355987549,12.23964,1.5316502604166666
402000,0.6121270656585693,11.679086,1.63410078125
402500,0.7353201508522034,11.204052,1.561621875
403000,0.6091936230659485,11.135304,1.6176240885416666
403500,0.661811113357544,9.2237015,1.5918610677083334
404000,0.6704347133636475,12.518469,1.643728125
404500,0.6748443245887756,12.119617,1.5120765625
405000,0.5941910147666931,7.020881,1.6447036458333333
405500,0.6330212354660034,10.578969,1.6582532552083333
406000,0.667202889919281,11.556249,1.7724259114583334
406500,0.6116247773170471,10.630446,1.6890282552083333
407000,0.6624358892440796,9.816631,1.7775955729166666
407500,0.5888735055923462,11.662906,1.5507315104166666
408000,0.6229426264762878,11.807182,1.67320234375
408500,0.691424548625946,13.088517,1.6247865885416666
409000,0.6447270512580872,11.463263,1.6687489583333333
409500,0.6006882190704346,10.892262,1.4438802083333333
410000,0.7353653907775879,12.578204,1.8773970052083333
410500,0.6646497249603271,13.60976,1.7813912760416666
411000,0.7008402347564697,13.269767,1.9266024739583334
411500,0.7377170324325562,11.361928,1.7365734375
412000,0.7840806245803833,13.578357,1.8657276041666666
412500,0.712374746799469,11.791561,1.8384869791666667
413000,0.7008606791496277,15.224757,1.762528515625
413500,0.752396821975708,15.506621,1.778378125
414000,0.6348498463630676,11.264919,1.6787201822916666
414500,0.8009123802185059,14.218639,1.8888123697916666
415000,0.7373413443565369,11.17878,1.8378072916666666
415500,0.6863014698028564,13.164883,1.7842819010416666
416000,0.6823373436927795,14.792796,1.8041830729166666
416500,0.6816684007644653,15.300633,1.8536716145833334
417000,0.6686733961105347,13.906831,1.9207575520833333
417500,0.7265886664390564,11.620471,1.580975390625
418000,0.6857452392578125,12.499497,1.8631578125
418500,0.7013363838195801,12.74838,2.0065067708333335
419000,0.6677066087722778,12.599616,2.0257975260416665
419500,0.6778014898300171,12.525182,1.9375333333333333
420000,0.6920239329338074,13.769082,1.8167520833333333
420500,0.6025137901306152,10.818957,1.7455236979166666
421000,0.7200947999954224,12.027262,1.9056338541666666
421500,0.7359566688537598,16.562086,1.9360188802083333
422000,0.7921512722969055,14.652212,2.0164485677083333
422500,0.7257243990898132,13.695575,1.8910783854166666
423000,0.7453191876411438,12.441777,1.98153046875
423500,0.7176427245140076,13.095623,1.9653673177083333
424000,0.615994393825531,12.074525,1.95275078125
424500,0.6640768647193909,12.605687,2.1012651041666666
425000,0.6839519143104553,11.910708,1.8618545572916667
425500,0.6145947575569153,14.300498,2.032050911458333
426000,0.6808809041976929,12.663492,1.827701171875
426500,0.7286207675933838,13.387745,2.0529850260416667
427000,0.7362434267997742,12.610037,1.8691540364583332
427500,0.7004000544548035,13.535157,1.84336796875
428000,0.5754299163818359,10.975066,1.8337615885416667
428500,0.7342445850372314,15.025871,2.0874697916666665
429000,0.7028407454490662,11.579272,2.120001041666667
429500,0.7499082684516907,15.27816,2.116562630208333
430000,0.6357013583183289,13.724443,1.939320703125
430500,0.7284188866615295,14.057757,1.91447109375
431000,0.7105457186698914,15.072407,2.0209768229166665
431500,0.7224112153053284,17.812607,2.049948828125
432000,0.7576028108596802,15.439042,2.136468359375
432500,0.6618326306343079,10.6687,1.9208872395833334
433000,0.8523258566856384,15.552383,2.0179822916666668
433500,0.7175787091255188,12.958318,2.0516024739583334
434000,0.6542406678199768,11.74164,2.177808333333333
434500,0.6499685645103455,12.707864,1.918912109375
435000,0.7391716837882996,13.80281,2.0416028645833335
435500,0.7476922273635864,13.199834,2.2357520833333333
436000,0.6730689406394958,13.666255,2.023930078125
436500,0.7247315645217896,15.480684,2.0867696614583333
437000,0.6944811344146729,15.038838,2.1086919270833335
437500,0.7754548192024231,16.985252,2.1823239583333334
438000,0.696935772895813,13.572292,1.8639796875
438500,0.7818750143051147,17.293484,1.9769326822916666
439000,0.8212268352508545,17.129143,2.14414765625
439500,0.7478318214416504,14.877538,2.0688890625
440000,0.8323692083358765,17.569294,2.195518229166667
440500,0.6753663420677185,13.265746,1.9745598958333332
441000,0.7269521951675415,15.336929,2.130058463541667
441500,0.769208550453186,17.59291,2.0194795572916666
442000,0.734501302242279,14.503532,2.0939725260416666
442500,0.8655850291252136,16.506609,2.116824348958333
443000,0.6732422113418579,14.779222,2.2003861979166666
443500,0.8005186915397644,15.697712,2.180052734375
444000,0.7090635895729065,15.699181,2.013272265625
444500,0.7512798309326172,15.776013,2.30266015625
445000,0.7637661695480347,14.940687,2.1328375
445500,0.785518229007721,14.049391,2.172276171875
446000,0.7431210279464722,15.482774,2.2069440104166667
446500,0.8763624429702759,19.935656,2.2440971354166668
447000,0.7623030543327332,15.808288,2.28118046875
447500,0.7212156057357788,14.068472,2.2252044270833333
448000,0.803144633769989,16.154615,2.0849408854166667
448500,0.7284213304519653,18.115923,2.2282197916666666
449000,0.7175628542900085,15.404905,2.3380802083333334
449500,0.6884715557098389,11.876592,2.167550911458333
450000,0.634334146976471,12.196421,2.010224479166667
450500,0.8013737201690674,14.368348,2.1594513020833332
451000,0.7069613933563232,12.111334,2.1151354166666665
451500,0.7001692652702332,14.356669,2.168873046875
452000,0.7839263081550598,14.100053,2.1188388020833333
452500,0.7700388431549072,15.8835125,2.1312169270833334
453000,0.6263098120689392,14.006597,2.031183203125
453500,0.7356624603271484,16.064032,2.23487890625
454000,0.6606883406639099,15.4061,2.14275078125
454500,0.7030553221702576,16.531616,2.1919786458333332
455000,0.66753089427948,16.318237,2.00853671875
455500,0.651742696762085,11.974726,2.0696171875
456000,0.7671043276786804,14.964023,2.197304947916667
456500,0.7033845782279968,14.691485,2.221524479166667
457000,0.6256493330001831,13.535993,1.987314453125
457500,0.7545514702796936,16.956322,2.19426953125
458000,0.6948812007904053,13.606585,2.248991145833333
458500,0.6859759092330933,13.431231,2.275859114583333
459000,0.6978307962417603,12.923146,2.12637421875
459500,0.69206702709198,16.002764,2.0856212239583334
460000,0.7530636787414551,14.665379,2.2924700520833334
460500,0.7473201751708984,13.002617,2.1531052083333333
461000,0.763529896736145,15.271528,2.310765625
461500,0.7054016590118408,14.903908,2.1950388020833334
462000,0.8023587465286255,18.111015,2.2717276041666667
462500,0.7406715750694275,15.564665,2.03921875
463000,0.6686569452285767,13.541765,2.3105223958333334
463500,0.5940062999725342,13.085298,2.13364296875
464000,0.6618334650993347,8.984554,2.188103125
464500,0.7178267240524292,17.462254,2.260266666666667
465000,0.6891781687736511,15.612024,2.213444791666667
465500,0.7934739589691162,15.703723,2.25223671875
466000,0.6740270853042603,13.635619,2.1550890625
466500,0.6736172437667847,16.047182,2.1782209635416665
467000,0.7024267911911011,14.872491,2.3220205729166667
467500,0.685399055480957,15.497796,2.2101268229166666
468000,0.6895709037780762,12.882353,2.1302983072916666
468500,0.6867830157279968,16.478266,2.1715104166666666
469000,0.665890097618103,11.496492,2.2429614583333333
469500,0.7304255962371826,13.8677225,2.275746875
470000,0.8442425727844238,15.42315,2.2924557291666665
470500,0.716031551361084,16.605207,2.3095041666666667
471000,0.8303061127662659,22.55713,2.0085182291666666
471500,0.6808433532714844,12.797652,2.148054166666667
472000,0.708922803401947,16.758623,2.40631640625
472500,0.7531464695930481,17.570604,2.2266901041666665
473000,0.6681092977523804,10.996005,2.34368359375
473500,0.6511914134025574,14.793859,2.280887760416667
474000,0.7484391927719116,15.969751,2.309915885416667
474500,0.781197726726532,16.21475,2.191834375
475000,0.7853540182113647,17.154957,2.5110377604166665
475500,0.8408100605010986,18.692327,2.3492299479166667
476000,0.746552586555481,16.97012,2.156596875
476500,0.6447188854217529,15.460536,2.1531639322916667
477000,0.7643064260482788,14.957057,2.2094018229166665
477500,0.8049545288085938,15.9416275,2.4226161458333335
478000,0.7199038863182068,15.460218,2.2554083333333335
478500,0.721688985824585,13.655872,2.3495958333333333
479000,0.7518560886383057,18.243595,2.2982635416666666
479500,0.8801575303077698,17.52209,2.37906875
480000,0.6359808444976807,13.648137,2.1931390625
480500,0.7905052304267883,16.467432,2.0482205729166667
481000,0.798966109752655,15.609926,2.3848713541666666
481500,0.6965238451957703,16.56882,2.2480088541666667
482000,0.7736390829086304,18.345005,2.3719614583333333
482500,0.782526969909668,19.032883,2.3851466145833333
483000,0.7908118963241577,14.919289,2.454413541666667
483500,0.6925341486930847,15.793668,2.27721875
484000,0.654356837272644,15.39248,2.235455208333333
484500,0.7717543244361877,17.99005,2.3671473958333333
485000,0.722405195236206,16.686323,2.3413026041666667
485500,0.6907156109809875,15.488215,2.311484114583333
486000,0.7516093850135803,16.715187,2.3150520833333332
486500,0.6793866753578186,15.422752,2.2780416666666667
487000,0.7430302500724792,16.398706,2.2458716145833333
487500,0.6988215446472168,15.602,2.234796875
488000,0.7744718790054321,15.481021,2.32310078125
488500,0.7358153462409973,16.23021,2.362884375
489000,0.6551138162612915,15.670484,2.3141697916666666
489500,0.7718198299407959,16.383297,2.3061255208333336
490000,0.6270980834960938,14.123664,2.2445171875
490500,0.8429372310638428,17.233662,2.4986953125
491000,0.7512542605400085,15.54957,2.488973697916667
491500,0.7063581347465515,15.728813,2.2993072916666666
492000,0.7206350564956665,15.672735,2.28195390625
492500,0.69340980052948,15.858489,2.3916908854166667
493000,0.8008137941360474,19.637415,2.5924604166666665
493500,0.7615317702293396,18.968267,2.3269942708333335
494000,0.8592353463172913,18.443993,2.61553671875
494500,0.7083050012588501,15.111807,2.249548177083333
495000,0.6655176877975464,15.052623,2.3370700520833334
495500,0.7334437966346741,16.548948,2.4141747395833333
496000,0.8007919788360596,18.553665,2.34313984375
496500,0.6914370656013489,16.45083,2.3892263020833333
497000,0.7719094753265381,14.246491,2.3680515625
497500,0.7170522809028625,14.533522,2.52537890625
498000,0.6960458159446716,15.862178,2.288357291666667
498500,0.7302623987197876,13.254521,2.3568177083333333
499000,0.6762009263038635,13.630997,2.3065184895833335
499500,0.8231512308120728,20.168695,2.4138328125
500000,0.7605203986167908,17.672462,2.4160557291666667
500500,0.7422971725463867,16.86518,2.404920833333333
501000,0.7077013254165649,14.2289915,2.521891666666667
501500,0.7107053995132446,14.395765,2.4534
502000,0.6811676025390625,13.483326,2.478760416666667
502500,0.7368997931480408,16.446224,2.3836502604166667
503000,0.7866325378417969,18.303171,2.5447044270833334
503500,0.7923450469970703,19.230219,2.4885236979166665
504000,0.7565097808837891,18.134623,2.4460125
504500,0.7717772126197815,16.288252,2.2875231770833335
505000,0.8419264554977417,19.609795,2.4450736979166665
505500,0.7645790576934814,18.34145,2.469130729166667
506000,0.682817280292511,13.459486,2.4062369791666667
506500,0.7618417143821716,14.765893,2.575027604166667
507000,0.7608104348182678,17.355387,2.442535416666667
507500,0.6871307492256165,12.688461,2.45420625
508000,0.7545973062515259,16.515972,2.4413002604166665
508500,0.7579649686813354,17.719835,2.405733854166667
509000,0.6945365071296692,18.109535,2.4920005208333333
509500,0.8163182139396667,17.306223,2.3779565104166664
510000,0.7158856987953186,13.667138,2.505497135416667
510500,0.6835739016532898,14.250409,2.4538880208333333
511000,0.7948396801948547,17.755682,2.6046161458333335
511500,0.7827937006950378,15.297154,2.6070630208333334
512000,0.8402355909347534,18.620432,2.6342609375
512500,0.7202734351158142,18.46491,2.501918229166667
513000,0.707755446434021,13.465034,2.5979567708333335
513500,0.7052308917045593,16.464285,2.5678791666666667
514000,0.7593873143196106,17.260937,2.7319697916666668
514500,0.7785022258758545,19.090607,2.623258072916667
515000,1.0607750415802002,24.061214,2.72476171875
515500,0.7003225684165955,12.929699,2.499994270833333
516000,0.7934372425079346,17.008524,2.717520052083333
516500,0.8914249539375305,20.757542,2.6852559895833332
517000,0.7730759382247925,17.36067,2.6027911458333333
517500,0.815840482711792,18.890818,2.661213802083333
518000,0.7499427795410156,18.427242,2.691196354166667
518500,0.7166032791137695,16.237444,2.4738078125
519000,0.6886808276176453,14.762424,2.5790453125
519500,0.687107264995575,15.42137,2.4864072916666666
520000,0.7636873722076416,20.26221,2.4764145833333333
520500,0.6453465223312378,14.702192,2.52050078125
521000,0.7345536351203918,15.953226,2.6883174479166665
521500,0.6606990098953247,14.257702,2.54756953125
522000,0.7249889969825745,13.632361,2.577215364583333
522500,0.8008583784103394,17.514324,2.5844151041666668
523000,0.8043902516365051,18.131477,2.64341875
523500,0.6982240676879883,14.108565,2.6145583333333335
524000,0.7604987621307373,17.817759,2.6202286458333335
524500,0.7351080179214478,14.868053,2.6438869791666666
525000,0.8496165871620178,17.521925,2.6955598958333336
525500,0.6865875720977783,15.327486,2.6090046875
526000,0.7678707242012024,13.407095,2.634459375
526500,0.7292772531509399,17.234545,2.5278661458333334
527000,0.7353000640869141,17.382444,2.7053604166666667
527500,0.6260509490966797,14.217924,2.5340239583333335
528000,0.74101322889328,16.18379,2.601509114583333
528500,0.9617043733596802,23.74874,2.6768020833333335
529000,0.8312875628471375,19.02542,2.6261942708333335
529500,0.7614277005195618,17.486616,2.5621619791666665
530000,0.8441044092178345,17.285957,2.689558072916667
530500,0.6535699963569641,13.057406,2.59448671875
531000,0.7092494964599609,15.496909,2.5792580729166668
531500,0.7212569713592529,16.87649,2.67628359375
532000,0.7615119814872742,16.864573,2.6967330729166665
532500,0.8665770888328552,17.133642,2.6567390625
533000,0.7923666834831238,18.222223,2.8781098958333335
533500,0.8468129634857178,17.436834,2.7558591145833335
534000,0.7042437791824341,14.629442,2.64388984375
534500,0.7733038067817688,18.821957,2.722003125
535000,0.871883749961853,20.046612,2.892325
535500,0.7837560176849365,17.769217,2.6528635416666666
536000,0.7982983589172363,18.149984,2.70114375
536500,0.8249787092208862,20.704851,2.5927302083333332
537000,0.7560376524925232,17.958508,2.6182559895833335
537500,0.8333919048309326,17.512493,2.6204875
538000,0.7819329500198364,16.907764,2.7750768229166667
538500,0.780793309211731,16.747402,2.7003296875
539000,0.729228138923645,16.809498,2.70704453125
539500,0.778746485710144,15.829322,2.74219453125
540000,0.6883622407913208,14.0455475,2.8359776041666667
540500,0.8190047740936279,15.634794,2.93405
541000,0.7705819010734558,15.695592,2.8217208333333335
541500,0.7321751117706299,12.70288,2.6455166666666665
542000,0.7890539169311523,16.651505,2.84993046875
542500,0.7997012138366699,16.311914,2.9032458333333335
543000,0.7648583650588989,17.299871,2.843773697916667
543500,0.7307642698287964,17.034649,2.7219515625
544000,0.8071237802505493,13.921964,2.9132265625
544500,0.749849796295166,16.141548,2.9247471354166668
545000,0.7157270908355713,16.070421,2.689284375
545500,0.7663874626159668,16.241669,2.7422046875
546000,0.7677181959152222,18.113863,2.6349940104166665
546500,0.8272168636322021,15.537472,2.8616143229166666
547000,1.0009536743164062,22.571808,2.6987174479166667
547500,0.8064469695091248,20.006094,2.7147197916666665
548000,0.7269948124885559,16.522955,2.955657291666667
548500,0.7195909023284912,17.60838,2.7535567708333333
549000,0.8156336545944214,17.745672,2.937719791666667
549500,0.8639743328094482,17.038944,2.86995
550000,0.686837911605835,12.785734,2.800357291666667
550500,0.7358821630477905,17.350214,2.74656796875
551000,0.7610407471656799,15.647134,2.8252463541666666
551500,0.7766667604446411,17.72089,2.9208190104166665
552000,0.7140928506851196,14.278505,2.8729989583333335
552500,0.8771575689315796,21.620989,3.01065390625
553000,0.7634942531585693,15.182755,2.85350859375
553500,0.7491533756256104,17.316454,2.892951822916667
554000,0.8279974460601807,18.234825,2.7899643229166666
554500,0.7476722598075867,14.357644,2.8114526041666665
555000,0.8269606828689575,18.833008,2.9069528645833334
555500,0.7299540638923645,15.027186,2.9214424479166667
556000,0.8057193756103516,18.261963,2.7013609375
556500,0.7110131978988647,16.068089,2.78083125
557000,0.798527717590332,16.531336,3.00820390625
557500,0.7404793500900269,14.533391,2.80759453125
558000,0.7528221607208252,16.582214,2.9135330729166666
558500,0.9391771554946899,21.324495,2.890703125
559000,0.864750862121582,17.899113,2.8763364583333333
559500,0.8646807670593262,17.930183,2.8785322916666667
560000,0.8086551427841187,17.943213,2.907997395833333
560500,0.8932604193687439,19.340721,2.9515604166666667
561000,0.7467178702354431,14.616642,3.02219296875
561500,0.8213132619857788,14.5876045,2.798675
562000,0.7202363610267639,18.012142,2.84733984375
562500,0.7924215793609619,17.276445,2.9393502604166666
563000,0.8321411609649658,15.512769,3.0186221354166665
563500,0.8824985027313232,16.99444,3.10869375
564000,0.8073582649230957,17.634138,2.954359375
564500,0.7877895832061768,17.014364,2.9643677083333335
565000,0.81685870885849,18.27805,3.0778596354166665
565500,0.8257670998573303,19.205736,2.892145833333333
566000,0.8080891370773315,15.4313545,3.0853609375
566500,0.917969822883606,21.813787,2.8817484375
567000,0.8241926431655884,16.517315,3.02800078125
567500,0.7560147047042847,16.18421,2.7871895833333333
568000,0.8115319013595581,17.38847,2.9068455729166667
568500,0.7897562980651855,15.544147,2.9148372395833335
569000,0.7698114514350891,15.527981,2.99202421875
569500,0.7215031981468201,16.68543,3.1426674479166667
570000,0.7886665463447571,17.381714,3.16810234375
570500,0.8237652778625488,18.091513,3.08211328125
571000,0.7987098097801208,15.513518,2.9010080729166665
571500,0.7947391271591187,15.640768,3.004571875
572000,0.8301969766616821,17.667461,3.2079315104166666
572500,0.7704523205757141,16.464878,3.0623744791666665
573000,0.7455424666404724,16.403728,3.01983359375
573500,0.8027105331420898,20.086143,3.1411028645833334
574000,0.8830794095993042,18.8213,2.9773401041666667
574500,0.9074277877807617,23.129553,3.088101822916667
575000,0.8514291048049927,16.635988,3.14511640625
575500,0.7146321535110474,16.2809,2.7906932291666666
576000,0.8446797728538513,19.365244,2.9416203125
576500,0.7485777735710144,17.599104,3.0586348958333334
577000,0.8046234846115112,15.226894,3.3354231770833334
577500,0.8063680529594421,17.24488,3.166201822916667
578000,0.7156380414962769,16.331339,2.9028791666666667
578500,0.8811402320861816,19.850197,3.1967
579000,0.7801700830459595,17.338312,2.9779171875
579500,0.9869792461395264,22.043783,3.2408747395833335
580000,0.7487463355064392,16.211826,3.02869765625
580500,0.8899840712547302,18.049017,3.3660979166666665
581000,0.7236314415931702,14.757242,3.1244434895833333
581500,0.7394555807113647,14.529381,2.99840390625
582000,0.7433661222457886,15.624562,3.1801161458333334
582500,0.6780209541320801,13.472578,3.0565755208333334
583000,0.8518935441970825,15.545693,3.16224375
583500,0.7422178387641907,16.172047,3.07931796875
584000,0.877627432346344,16.387314,3.2488213541666666
584500,0.6877279877662659,14.589745,2.99945390625
585000,0.7587013244628906,15.443799,3.2320643229166666
585500,0.781930685043335,14.832147,3.3378895833333333
586000,0.8262064456939697,16.298468,3.2241375
586500,0.6981382966041565,15.393846,3.2184427083333333
587000,0.7784414887428284,21.729288,3.24043515625
587500,0.8061974048614502,15.777563,3.0695609375
588000,0.8032852411270142,18.405668,3.2214565104166666
588500,0.7443543672561646,15.451873,3.1304234375
589000,0.8398200869560242,18.755692,3.2777177083333333
589500,0.7853467464447021,18.696926,3.2304927083333332
590000,0.8328815698623657,16.584423,3.2208700520833333
590500,0.7600651979446411,14.6830435,2.9818583333333333
591000,0.7374172210693359,19.189507,3.3977229166666665
591500,0.8490098714828491,18.198671,3.37553125
592000,0.7673265933990479,15.219156,3.3056171875
592500,0.7611711025238037,14.2207575,3.34289453125
593000,0.9357529878616333,18.893373,3.1948739583333334
593500,0.9158753156661987,23.553818,3.1849643229166666
594000,0.8220604658126831,19.412485,3.2618919270833335
594500,0.7364901304244995,14.523772,3.2494229166666666
595000,0.8558681607246399,18.140009,3.3269473958333333
595500,0.8428418636322021,17.806723,3.37244609375
596000,0.7996758222579956,18.265429,3.3630606770833333
596500,0.8261473178863525,17.858515,3.316070572916667
597000,0.8093701601028442,17.678198,3.18567734375
597500,0.7617479562759399,14.952763,3.2565736979166666
598000,0.8233121037483215,18.750074,3.3084666666666664
598500,0.7907412052154541,17.509739,3.26145234375
599000,0.8677703142166138,14.941891,3.3916984375
599500,0.8563774824142456,18.139397,3.39278984375
600000,0.6980950832366943,12.477313,3.2415713541666666
600500,0.795323371887207,15.682803,3.48801328125
601000,0.8693470358848572,17.547289,3.4372729166666667
601500,0.8076315522193909,18.587164,3.51706328125
602000,0.7886514663696289,15.102373,3.4940380208333335
602500,0.9120328426361084,20.617903,3.5985434895833333
603000,0.8379938006401062,18.723022,3.408074479166667
603500,0.8736572265625,21.964624,3.5297229166666666
604000,0.9485287666320801,21.400156,3.43942109375
604500,0.739162802696228,18.402714,3.1995736979166667
605000,0.8864706754684448,18.841894,3.322353645833333
605500,0.7972142696380615,16.436695,3.18824765625
606000,0.7478677034378052,15.869482,3.276168489583333
606500,0.8072035312652588,16.774105,3.3530333333333333
607000,0.817574679851532,21.266071,3.5468322916666666
607500,0.7542146444320679,14.526228,3.424296875
608000,0.8534483909606934,17.782623,3.4407833333333335
608500,0.7783288955688477,18.521305,3.5442677083333334
609000,0.7970032691955566,18.50433,3.517727864583333
609500,0.7907931804656982,22.21321,3.4389674479166668
610000,0.792336106300354,19.570044,3.33071015625
610500,0.7334522008895874,16.12148,3.46904375
611000,0.8355880975723267,19.138596,3.3646859375
611500,0.8541953563690186,18.166117,3.31732109375
612000,0.758408784866333,19.564135,3.3758984375
612500,0.7387716770172119,15.835024,3.4127911458333333
613000,0.7792294025421143,19.063501,3.6128890625
613500,0.7702150940895081,18.15293,3.37669296875
614000,0.8178796768188477,17.380283,3.2597895833333332
614500,0.8215634822845459,17.077356,3.583046875
615000,0.7590703368186951,19.005686,3.511338020833333
615500,0.8005331754684448,19.670555,3.4182796875
616000,0.7808970808982849,17.602713,3.4062895833333333
616500,0.8032119870185852,18.564095,3.4069247395833333
617000,0.7182572484016418,13.887164,3.4013752604166667
617500,0.6690711975097656,13.662405,3.32040234375
618000,0.710099458694458,15.533991,3.4196497395833334
618500,0.7680290341377258,17.297644,3.5336416666666666
619000,0.7862869501113892,18.056438,3.2806760416666667
619500,0.7551677227020264,17.1858,3.5574901041666664
620000,0.7885046005249023,17.171162,3.404498177083333
620500,0.7670266628265381,17.138348,3.6895838541666666
621000,0.7068898677825928,15.396875,3.45719609375
621500,0.7152865529060364,17.962551,3.327313541666667
622000,0.7713301181793213,18.208454,3.4361838541666665
622500,0.7647189497947693,18.010353,3.336901302083333
623000,0.7430758476257324,17.899223,3.23518515625
623500,0.8225758671760559,18.45487,3.53860703125
624000,0.7430613040924072,18.771591,3.29931953125
624500,0.8186912536621094,19.293385,3.2929651041666665
625000,0.8845474720001221,23.135365,3.618658072916667
625500,0.8735824823379517,21.193525,3.5555489583333335
626000,0.8400546312332153,20.11209,3.436722135416667
626500,0.6579533815383911,13.505845,3.3964046875
627000,0.7782111763954163,20.190115,3.54257734375
627500,0.8525596857070923,17.9575,3.5968833333333334
628000,0.7188674211502075,17.21827,3.4522453125
628500,0.7274860143661499,16.138613,3.50040546875
629000,0.8665637969970703,19.28234,3.7605372395833334
629500,0.7636929750442505,17.015038,3.6407739583333334
630000,0.7963662147521973,20.025936,3.5513473958333335
630500,0.7918452620506287,19.317501,3.5278807291666667
631000,0.7809329032897949,17.677847,3.5696497395833333
631500,0.9083155393600464,19.936424,3.711328125
632000,0.783329963684082,18.815434,3.4765322916666666
632500,0.8050813674926758,20.17887,3.5555302083333333
633000,0.7412307858467102,18.312502,3.8179890625
633500,0.6335691809654236,11.248803,3.682983854166667
634000,0.7565276026725769,16.316921,3.4187828125
634500,0.7949720621109009,19.488855,3.7067677083333335
635000,0.9293290376663208,24.011858,3.772375520833333
635500,0.7710615396499634,19.64558,3.6392807291666665
636000,0.7092758417129517,16.75562,3.6339078125
636500,0.7483181953430176,17.563894,3.5352546875
637000,0.7307635545730591,17.246035,3.670480208333333
637500,0.8683887720108032,21.094633,3.5155692708333333
638000,0.8248288035392761,22.553362,3.526245572916667
638500,0.7310322523117065,17.169256,3.55933671875
639000,0.6904404163360596,15.330591,3.654621875
639500,0.7012470960617065,19.016678,3.5003390625
640000,0.7658492922782898,18.793737,3.59769375
640500,0.7004207372665405,17.94097,3.5762169270833333
641000,0.6295913457870483,12.280492,3.61685859375
641500,0.695429801940918,17.107689,3.57283515625
642000,0.7227567434310913,18.97243,3.47249609375
642500,0.7651607990264893,17.128763,3.622773958333333
643000,0.7484526634216309,18.114426,3.6073752604166667
643500,0.7272838354110718,16.527128,3.7527953125
644000,0.810568630695343,20.210068,3.7829294270833334
644500,0.7129371166229248,17.1926,3.54233359375
645000,0.8406158685684204,19.234356,3.5887375
645500,0.6633673906326294,16.28409,3.6847658854166667
646000,0.838817834854126,21.250843,3.3847846354166666
646500,0.8387725353240967,20.110691,3.5879791666666665
647000,0.6773309707641602,16.621973,3.5898557291666666
647500,0.8618652820587158,23.50958,3.451255729166667
648000,0.7501174807548523,17.81481,3.68067421875
648500,0.8227618932723999,18.103254,3.4487526041666667
649000,0.6575207114219666,14.437943,3.4912190104166667
649500,0.695104718208313,18.020252,3.5356658854166665
650000,0.8461748361587524,18.875246,3.4459411458333333
650500,0.650672435760498,12.3778515,3.610165625
651000,0.6591979265213013,13.779512,3.5271734375
651500,0.7836164236068726,17.275026,3.45905546875
652000,0.7501421570777893,15.222801,3.5611721354166668
652500,0.7069263458251953,17.292313,3.472334375
653000,0.6859009265899658,19.698305,3.76772890625
653500,0.8756068348884583,21.413813,3.7877091145833335
654000,0.7817389965057373,18.082201,3.6856080729166667
654500,0.6404821872711182,12.891652,3.6592614583333334
655000,0.7568910717964172,18.72561,3.617344270833333
655500,0.7516583204269409,18.217062,3.4316697916666667
656000,0.7912555932998657,18.343203,3.4937557291666668
656500,0.7500019073486328,17.427343,3.750896614583333
657000,0.6183029413223267,13.98086,3.5815494791666667
657500,0.7226897478103638,15.468467,3.598529166666667
658000,0.6928321123123169,15.121185,3.6370622395833334
658500,0.7563031911849976,18.736143,3.835226822916667
659000,0.6391094923019409,14.18484,3.5548291666666665
659500,0.735504150390625,17.539053,3.72513984375
660000,0.7986243963241577,21.478722,3.7477942708333334
660500,0.7134477496147156,15.1769,3.5046419270833336
661000,0.7254576683044434,15.447078,3.5008627604166667
661500,0.6843377351760864,20.194931,3.650725
662000,0.6888231039047241,18.024334,3.598836979166667
662500,0.7854598760604858,17.229973,3.725264322916667
663000,0.8221858739852905,21.473608,3.8988716145833333
663500,0.8131828308105469,21.86511,3.819179166666667
664000,0.8092557191848755,21.022081,3.9664598958333332
664500,0.7687332630157471,19.292873,3.4986385416666668
665000,0.695280134677887,16.529905,3.5302825520833334
665500,0.7694078683853149,20.028252,3.7958109375
666000,0.6711065769195557,12.711347,3.5467354166666665
666500,0.7592987418174744,21.350166,3.9394661458333333
667000,0.7226239442825317,17.711235,3.677864583333333
667500,0.7144331932067871,15.688902,3.5664393229166667
668000,0.7267608642578125,19.204674,3.5860309895833336
668500,0.7309194207191467,22.06529,3.8086328125
669000,0.7796158194541931,19.428123,3.6075760416666665
669500,0.7191634178161621,14.111903,3.568630729166667
670000,0.7056090831756592,18.348446,3.7362640625
670500,0.7256618738174438,17.179737,3.7422200520833333
671000,0.7826830744743347,20.693178,3.8034666666666666
671500,0.7473758459091187,20.048185,3.6589369791666666
672000,0.7884805798530579,17.398685,3.87673359375
672500,0.738619327545166,21.038618,3.85708203125
673000,0.7544810771942139,18.284147,3.848350260416667
673500,0.7590891122817993,17.766705,3.7878114583333335
674000,0.7377527356147766,15.740893,3.62855390625
674500,0.6697655916213989,15.010825,3.8472122395833335
675000,0.7284349203109741,17.491974,3.7258416666666667
675500,0.7541024684906006,18.24164,3.710190364583333
676000,0.6452450752258301,15.287826,3.8458385416666667
676500,0.813746988773346,20.058857,3.927890625
677000,0.7415610551834106,18.636387,3.6757934895833335
677500,0.7125580310821533,17.602766,3.82931015625
678000,0.704699695110321,15.831757,3.7061575520833334
678500,0.6984541416168213,17.587206,3.8747416666666665
679000,0.7667344212532043,18.740812,3.8525690104166666
679500,0.7753927707672119,19.56912,3.740445572916667
680000,0.7735687494277954,18.628855,3.732564583333333
680500,0.8191061019897461,20.519825,3.7087611979166666
681000,0.7201179265975952,15.554465,3.8884580729166665
681500,0.6800910234451294,16.45026,3.698127604166667
682000,0.7249122858047485,19.545519,3.995445833333333
682500,0.6996938586235046,17.839428,3.8628765625
683000,0.7501860857009888,18.267271,3.8853333333333335
683500,0.7738374471664429,20.072367,3.94012265625
684000,0.772528886795044,17.099094,3.7533703125
684500,0.7825374007225037,18.485888,3.966269270833333
685000,0.7640489935874939,19.015387,3.9395638020833332
685500,0.8190647959709167,20.424355,3.844609375
686000,0.758729100227356,21.637749,3.9563111979166665
686500,0.7040266990661621,15.546593,3.9294151041666665
687000,0.6828439831733704,15.785125,3.80579375
687500,0.7547010183334351,18.198452,3.9027361979166666
688000,0.7710297107696533,19.98979,3.8621192708333334
688500,0.6900097727775574,17.751957,3.88285
689000,0.756606936454773,20.397326,3.9613143229166665
689500,0.6863778829574585,15.7955065,3.979445833333333
690000,0.7202264666557312,15.772448,3.93437734375
690500,0.8069940805435181,17.819267,3.910898958333333
691000,0.7033335566520691,15.586472,3.827583333333333
691500,0.7316222190856934,18.279057,3.7451833333333333
692000,0.7904725074768066,20.669544,4.080313020833334
692500,0.6987895369529724,17.444172,3.9934265625
693000,0.7513248920440674,18.725136,3.8814239583333334
693500,0.7387362718582153,20.163237,4.084866666666667
694000,0.6777942180633545,18.062138,4.052579427083334
694500,0.676992654800415,16.105665,3.8685015625
695000,0.7841521501541138,20.95209,4.121966927083333
695500,0.7048585414886475,14.923995,4.298035677083333
696000,0.7945972681045532,18.212225,3.667755989583333
696500,0.763356626033783,21.19155,3.9914143229166665
697000,0.7045840620994568,17.400427,3.83978203125
697500,0.6110337972640991,16.432037,3.87908515625
698000,0.7639340162277222,17.543348,3.736010416666667
698500,0.7120943665504456,17.135118,3.9154234375
699000,0.7719706892967224,19.884132,3.9588567708333335
699500,0.6390630602836609,12.98163,3.7701309895833335
700000,0.6525949239730835,15.6683655,3.8329138020833335
700500,0.8017298579216003,17.805908,4.0276888020833335
701000,0.7834398746490479,20.287231,4.0538265625
701500,0.6805588006973267,14.87771,4.131884114583333
702000,0.7373920679092407,18.437412,3.9348927083333334
702500,0.746116042137146,21.526909,3.8689846354166666
703000,0.7355327606201172,17.71546,3.7623130208333335
703500,0.6961575746536255,17.79708,3.9639104166666668
704000,0.6977252960205078,17.470295,3.825764583333333
704500,0.6598013043403625,14.990136,4.01583125
705000,0.7004805207252502,12.97681,3.901293229166667
705500,0.7380659580230713,17.770323,3.9299611979166666
706000,0.672818660736084,16.111748,3.88669609375
706500,0.692603588104248,15.582513,3.9854697916666666
707000,0.6344243288040161,14.605401,4.141158333333333
707500,0.7310243844985962,18.132555,3.95568125
708000,0.7540452480316162,16.830217,3.8213846354166665
708500,0.6893426179885864,17.955833,4.110143489583334
709000,0.6828135251998901,16.157776,3.87231640625
709500,0.6133213639259338,15.379722,3.902282291666667
710000,0.6792982816696167,18.159662,4.005735677083333
710500,0.7233458757400513,16.847631,3.8888247395833333
711000,0.6303308606147766,14.39615,3.7824333333333335
711500,0.7589808702468872,18.338106,3.9502841145833334
712000,0.6619350910186768,16.14444,3.9228497395833335
712500,0.7089250683784485,18.551933,4.07166796875
713000,0.6556098461151123,13.677857,3.972315104166667
713500,0.6590336561203003,17.066227,3.899854947916667
714000,0.6556227207183838,17.540285,3.908130208333333
714500,0.6506839394569397,15.946445,3.9774151041666665
715000,0.7381794452667236,20.490845,4.167077604166667
715500,0.6935476064682007,14.9801655,4.1644609375
716000,0.7187750339508057,19.042755,3.943702083333333
716500,0.7837151288986206,19.74202,3.8949716145833335
717000,0.6940799951553345,15.448505,3.7571630208333335
717500,0.7396172285079956,16.935637,4.01470703125
718000,0.726433277130127,17.56164,4.021673958333333
718500,0.664813756942749,15.371925,3.9060088541666667
719000,0.7894179821014404,20.500607,4.1054453125
719500,0.6835176348686218,17.660648,3.9248239583333335
720000,0.7565678954124451,18.98298,4.159002604166667
720500,0.6792887449264526,15.125204,3.9794901041666666
721000,0.6669628620147705,15.184261,4.088520052083333
721500,0.8193404078483582,19.59397,3.9150268229166665
722000,0.6191059947013855,14.063674,4.253526302083333
722500,0.7394422292709351,17.880322,4.076658072916667
723000,0.7340570688247681,20.739323,4.0034268229166665
723500,0.6239491105079651,16.189486,3.8320645833333336
724000,0.6556283831596375,15.226901,3.8239020833333335
724500,0.7330660820007324,18.651575,4.360017708333333
725000,0.708113431930542,19.502687,4.163513020833333
725500,0.7158242464065552,17.730984,4.233110677083333
726000,0.6678371429443359,14.433276,4.00184375
726500,0.7266703844070435,15.116808,4.10094296875
727000,0.6362097263336182,15.464988,4.203163020833333
727500,0.6761200428009033,15.967449,4.020268489583334
728000,0.7466983199119568,19.50403,3.975549479166667
728500,0.7026203870773315,21.170315,4.2471356770833335
729000,0.7103261947631836,17.310528,4.07363984375
729500,0.697380542755127,16.817175,4.104440364583334
730000,0.6752374172210693,17.032581,4.215366927083333
730500,0.5982425212860107,16.256367,4.451939583333333
731000,0.7878109216690063,21.46995,4.191333333333334
731500,0.7708840370178223,16.88674,4.062375
732000,0.6910654902458191,16.860067,4.15363046875
732500,0.6436634063720703,15.866928,4.160424739583333
733000,0.7061259746551514,15.858899,4.153164583333333
733500,0.602496862411499,17.476696,4.232943229166667
734000,0.7534756660461426,16.624903,4.202003385416667
734500,0.6687054634094238,15.852671,4.1927916666666665
735000,0.6548523902893066,14.68955,4.3907671875
735500,0.6861385107040405,17.398146,4.235697916666667
736000,0.690447986125946,17.612455,4.335406510416667
736500,0.6362890005111694,16.472013,4.004933854166667
737000,0.6748778820037842,19.230995,4.32847265625
737500,0.6479111313819885,16.652155,4.1957989583333335
738000,0.6356353163719177,16.038036,4.152664583333333
738500,0.5535193681716919,15.091293,3.9642606770833333
739000,0.7153276205062866,16.009766,3.997090625
739500,0.6716545224189758,14.453134,4.000668229166667
740000,0.7156533002853394,14.149359,4.166087239583334
740500,0.6947593688964844,19.560785,4.3673609375
741000,0.6686552166938782,16.397923,4.110948958333333
741500,0.651146411895752,19.408253,4.3095403645833334
742000,0.6433312892913818,17.051323,4.25426953125
742500,0.5616344213485718,12.693727,4.21761953125
743000,0.7168309688568115,19.260656,4.20015078125
743500,0.6763408184051514,19.849552,4.415820833333333
744000,0.7674156427383423,19.66149,4.142461979166667
744500,0.7264152765274048,17.404737,4.36281640625
745000,0.8083837032318115,22.773579,4.175242447916666
745500,0.6727904081344604,17.89444,3.9617817708333334
746000,0.6646769046783447,15.388499,4.32606484375
746500,0.7228488922119141,20.631046,4.17980078125
747000,0.7014576196670532,18.49519,4.33145078125
747500,0.6301337480545044,15.235755,3.989722395833333
748000,0.6439535617828369,17.856413,4.387069270833333
748500,0.6573418378829956,16.15684,4.155913541666667
749000,0.6273318529129028,15.763514,4.114573697916667
749500,0.6198513507843018,17.932266,4.32326328125
750000,0.6777234673500061,16.809519,4.505001041666667
750500,0.7018852233886719,18.271074,4.2574888020833335
751000,0.6678940057754517,16.775015,4.2984794270833335
751500,0.7206724286079407,15.482382,3.8612619791666667
752000,0.603489875793457,17.480272,4.091424739583333
752500,0.7298480272293091,16.29222,4.290315625
753000,0.7104435563087463,16.093035,4.344984114583333
753500,0.7832098007202148,18.949997,4.0975875
754000,0.6417981386184692,17.204124,4.450075
754500,0.6832346320152283,13.781815,4.397094270833334
755000,0.6033587455749512,11.974793,4.138608333333333
755500,0.7031208872795105,16.964672,4.3771140625
756000,0.696137547492981,17.592794,4.055659895833333
756500,0.6412866115570068,15.935788,4.331734114583333
757000,0.6558959484100342,13.93425,4.300310416666667
757500,0.7678829431533813,18.992584,4.281762760416667
758000,0.6529334783554077,18.24978,4.286703125
758500,0.6232473850250244,15.715921,4.240260416666667
759000,0.7311602830886841,18.448858,4.4351911458333335
759500,0.7136192321777344,17.866407,4.257974479166666
760000,0.7591331601142883,20.961994,4.295563541666667
760500,0.6286455988883972,16.68424,4.400552083333333
761000,0.6680142879486084,17.320568,4.393392708333334
761500,0.6731175780296326,19.150677,4.2892200520833335
762000,0.6568335890769958,16.177782,4.163667447916667
762500,0.6427505016326904,15.501512,4.5114578125
763000,0.6981679201126099,19.314997,4.48909375
763500,0.655081033706665,17.105917,4.5563796875
764000,0.5908087491989136,15.432307,4.4760984375
764500,0.6693375706672668,15.632669,4.431297916666667
765000,0.5528559684753418,15.909425,4.476225
765500,0.7411897778511047,16.99149,4.191023177083333
766000,0.7381221055984497,19.64345,4.259180729166666
766500,0.8186991810798645,20.45124,4.3042151041666665
767000,0.725216805934906,18.518438,4.3887890625
767500,0.736083984375,19.010773,4.4213458333333335
768000,0.6695791482925415,17.618353,4.356048958333333
768500,0.6929329633712769,19.103718,4.4316635416666665
769000,0.6344610452651978,16.533821,4.4123833333333335
769500,0.6082193851470947,14.836694,4.441927083333334
770000,0.7390882968902588,20.865513,4.730970833333333
770500,0.6862432956695557,14.647404,4.6796828125
771000,0.6014620065689087,16.071638,4.373428125
771500,0.7174835205078125,20.80878,4.467221875
772000,0.6009669303894043,13.9557705,4.456908333333334
772500,0.6959185600280762,17.230053,4.260392447916667
773000,0.6841004490852356,17.508045,4.4060234375
773500,0.7100237011909485,18.967228,4.472547395833334
774000,0.704659104347229,20.329065,4.486403645833334
774500,0.682040810585022,20.372484,4.6100880208333335
775000,0.6919947266578674,18.372074,4.486116666666667
775500,0.6536749601364136,18.974178,4.773958333333334
776000,0.7009854316711426,20.44417,4.605423958333334
776500,0.5774029493331909,13.211997,4.416796354166666
777000,0.5879166126251221,16.997135,4.7542984375
777500,0.6680338382720947,15.840837,4.340530989583334
778000,0.6294971704483032,19.473871,4.725990104166667
778500,0.7229862213134766,18.08167,4.725275
779000,0.6700438261032104,17.450624,4.573628645833334
779500,0.6206400394439697,16.876112,4.434790625
780000,0.8046838045120239,19.065289,4.285353645833333
780500,0.6283039450645447,15.886135,4.1701075520833335
781000,0.6260848045349121,14.82759,4.165316666666667
781500,0.6415162682533264,16.480259,4.3808265625
782000,0.665664792060852,17.395256,4.355225
782500,0.7702326774597168,19.691868,4.200583333333333
783000,0.6572707891464233,21.037374,4.596452083333333
783500,0.6353862881660461,18.35443,4.384486979166667
784000,0.6768750548362732,15.207246,4.404178645833333
784500,0.627875566482544,16.437895,4.407595833333334
785000,0.6456879377365112,17.988144,4.254192708333333
