t_env,loss,grad_norm,q_taken_mean
2500,0.37734711170196533,1.4082927,0.074378759765625
3000,0.19765397906303406,0.085343115,0.25563076171875
3500,0.2074364870786667,0.075168125,0.2365418701171875
4000,0.22676777839660645,0.18669176,0.22080810546875
4500,0.21825560927391052,0.12613033,0.2299610107421875
5000,0.2204463630914688,0.067231044,0.2276530029296875
5500,0.19834597408771515,0.12338791,0.2902259765625
6000,0.23664544522762299,0.21053733,0.26833408203125
6500,0.18182997405529022,0.14945693,0.2617543212890625
7000,0.18985207378864288,0.13371107,0.271175927734375
7500,0.23031044006347656,0.17054547,0.277221142578125
8000,0.20555883646011353,0.31760874,0.28631201171875
8500,0.2570152282714844,0.49576774,0.288723583984375
9000,0.21738767623901367,0.15895802,0.31423828125
9500,0.2074030637741089,0.10814334,0.3106167236328125
10000,0.24081668257713318,0.17179285,0.3402843994140625
10500,0.19820520281791687,0.41324618,0.32479716796875
11000,0.23020875453948975,0.45082653,0.327863818359375
11500,0.2272510528564453,0.14584585,0.373006982421875
12000,0.22894112765789032,0.09084129,0.374352734375
12500,0.2507357597351074,0.1179143,0.3813192626953125
13000,0.23241595923900604,0.7686344,0.3244046142578125
13500,0.24154935777187347,0.4562115,0.4353251953125
14000,0.2803235352039337,0.10928381,0.4210876953125
14500,0.25381922721862793,0.22274514,0.42070458984375
15000,0.2872992157936096,0.27957365,0.4012046142578125
15500,0.20313283801078796,0.12616146,0.3970745849609375
16000,0.2295847088098526,0.31254506,0.423093994140625
16500,0.2663130462169647,0.19352326,0.4020388427734375
17000,0.33302468061447144,0.4185028,0.40386240234375
17500,0.255159854888916,0.30310348,0.400788427734375
18000,0.21844275295734406,0.16998188,0.3916722900390625
18500,0.18136313557624817,0.34277174,0.363773388671875
19000,0.18930909037590027,0.47089565,0.3507237060546875
19500,0.2277802675962448,0.13213396,0.40761982421875
20000,0.2556508779525757,0.24165052,0.397590771484375
20500,0.2802077531814575,0.2237546,0.4348876953125
21000,0.27507004141807556,0.18930346,0.42177177734375
21500,0.23411190509796143,0.18125059,0.43582724609375
22000,0.2571941018104553,0.3446035,0.45193173828125
22500,0.2619730234146118,0.20873687,0.44036201171875
23000,0.25851067900657654,0.27667746,0.46704677734375
23500,0.2800605595111847,0.41205528,0.497159326171875
24000,0.28484871983528137,1.5092437,0.560128515625
24500,0.23797467350959778,0.20734301,0.47360625
25000,0.23782239854335785,1.0118846,0.535057080078125
25500,0.22719018161296844,0.5526096,0.511235791015625
26000,0.27817603945732117,0.25717428,0.5498671875
26500,0.28661680221557617,0.97874826,0.473847705078125
27000,0.2931711971759796,0.5129137,0.528377490234375
27500,0.2618655562400818,1.1125244,0.47943369140625
28000,0.26743361353874207,0.8589914,0.602159521484375
28500,0.2098575085401535,0.2801512,0.52989765625
29000,0.276064932346344,1.2262408,0.4787623046875
29500,0.2811305522918701,1.1684294,0.502032080078125
30000,0.2482607066631317,0.81467545,0.525912548828125
30500,0.2873774766921997,0.41725594,0.542465087890625
31000,0.24052172899246216,0.8605499,0.48780166015625
31500,0.27645373344421387,0.2768816,0.556770703125
32000,0.2795329689979553,1.1367586,0.6001611328125
32500,0.2734239101409912,0.2781071,0.555840234375
33000,0.31731149554252625,1.6678405,0.5065458984375
33500,0.2817000448703766,1.2895688,0.5493201171875
34000,0.28705355525016785,0.49849972,0.613652783203125
34500,0.31774258613586426,1.4551626,0.64652431640625
35000,0.28381428122520447,1.0302854,0.620233984375
35500,0.36435556411743164,2.6110866,0.533987353515625
36000,0.3172425329685211,1.4285862,0.687078857421875
36500,0.2578046917915344,0.21335575,0.637317138671875
37000,0.29682058095932007,2.2741513,0.691031884765625
37500,0.28483468294143677,0.30746448,0.63545009765625
38000,0.34885478019714355,1.1153983,0.72196171875
38500,0.32331180572509766,0.9720984,0.7177634765625
39000,0.31368720531463623,0.8906937,0.68869072265625
39500,0.34909629821777344,1.1847733,0.716797314453125
40000,0.35218024253845215,1.9139967,0.758541845703125
40500,0.33905747532844543,0.71809113,0.70795126953125
41000,0.3098624050617218,1.732988,0.6272857421875
41500,0.3109454810619354,0.5288227,0.698281396484375
42000,0.298694908618927,1.3220508,0.66535
42500,0.29574820399284363,0.76940244,0.731484228515625
43000,0.4171280860900879,3.1757288,0.647999560546875
43500,0.33431276679039,1.3988291,0.663790087890625
44000,0.3773564398288727,2.3836346,0.663348291015625
44500,0.3663678765296936,0.780136,0.743434912109375
45000,0.35849529504776,2.1263452,0.80341171875
45500,0.3357061743736267,2.88791,0.639861474609375
46000,0.3639804422855377,1.6608636,0.70864375
46500,0.4005817472934723,3.7993844,0.68240888671875
47000,0.31373971700668335,0.42278656,0.7624611328125
47500,0.377265989780426,0.43885088,0.791452978515625
48000,0.40386253595352173,2.285505,0.70790283203125
48500,0.3421417474746704,1.4017419,0.7596806640625
49000,0.33577588200569153,3.1317387,0.788121484375
49500,0.33828240633010864,0.9025196,0.7504650390625
50000,0.30463671684265137,0.9427305,0.71933359375
50500,0.36662712693214417,0.7207521,0.72521455078125
51000,0.3503420948982239,2.808599,0.6315037109375
51500,0.385377436876297,2.276565,0.8025310546875
52000,0.2868841290473938,1.8373723,0.738547265625
52500,0.3902358412742615,1.0556056,0.8048171875
53000,0.3987126350402832,4.461422,0.82439052734375
53500,0.366041362285614,2.0325546,0.7642689453125
54000,0.41515347361564636,1.8044535,0.792406103515625
54500,0.4229947328567505,2.5008519,0.7949931640625
55000,0.30549633502960205,1.8526996,0.752152734375
55500,0.4538404941558838,3.8613467,0.7467013671875
56000,0.43921560049057007,3.4410434,0.752923486328125
56500,0.317587673664093,0.6394062,0.733641015625
57000,0.4487108588218689,3.8639576,0.75132626953125
57500,0.3810243606567383,0.7633793,0.80147744140625
58000,0.4996863901615143,5.476912,0.67112392578125
58500,0.29470089077949524,1.2164704,0.745704296875
59000,0.37170666456222534,2.2062562,0.7518056640625
59500,0.30994245409965515,2.1289754,0.771899658203125
60000,0.3874337673187256,1.4087594,0.81885732421875
60500,0.42413896322250366,1.3832997,0.87288837890625
61000,0.4104263186454773,1.6896055,0.840121875
61500,0.43635886907577515,6.86356,0.9304373046875
62000,0.5010007619857788,6.364122,0.961679296875
62500,0.3915083110332489,1.4151305,0.86389345703125
63000,0.4267704486846924,1.4782152,0.8545439453125
63500,0.37215903401374817,0.9938133,0.845844921875
64000,0.3761548399925232,1.7398924,0.791410546875
64500,0.4651658236980438,4.4959784,0.81086162109375
65000,0.4139339029788971,2.227416,0.8873072265625
65500,0.6070919632911682,8.284729,0.7302337890625
66000,0.3838193416595459,1.4141587,0.8780923828125
66500,0.4083513617515564,2.691004,0.915155859375
67000,0.4163159430027008,1.8407186,0.8451578125
67500,0.44211286306381226,3.7193058,0.800233056640625
68000,0.3323654234409332,0.9459271,0.724020947265625
68500,0.4314660131931305,1.2481766,0.82024609375
69000,0.37616944313049316,1.5860162,0.753145556640625
69500,0.336341917514801,3.8721547,0.76347197265625
70000,0.3617570996284485,2.6456196,0.789939013671875
70500,0.5686910152435303,6.4268656,0.7415533203125
71000,0.3734199106693268,3.3019335,0.7254638671875
71500,0.3419884443283081,1.4005363,0.75878857421875
72000,0.3767472505569458,2.2774272,0.710461572265625
72500,0.4489242136478424,3.1656313,0.86887900390625
73000,0.45179134607315063,6.5200863,0.667005078125
73500,0.43378758430480957,2.1534014,0.8917328125
74000,0.4304503798484802,3.1396337,0.86957861328125
74500,0.598897397518158,8.612849,0.725485888671875
75000,0.42256614565849304,0.97431654,0.8919287109375
75500,0.4804472327232361,3.8090158,0.76374482421875
76000,0.45292338728904724,2.1070483,0.91114306640625
76500,0.49544787406921387,2.450397,0.898708984375
77000,0.6310555934906006,10.357665,0.76892333984375
77500,0.44947683811187744,2.4344797,0.93990048828125
78000,0.4754478633403778,6.2181973,0.75725458984375
78500,0.4905448853969574,6.5288706,0.72637978515625
79000,0.47401317954063416,7.3549237,0.9250419921875
79500,0.4241347312927246,4.0783396,0.90651875
80000,0.4694015383720398,3.630167,0.8481884765625
80500,0.4511864483356476,4.761955,0.9378693359375
81000,0.48603683710098267,4.4969697,0.9383953125
81500,0.3780074119567871,4.676919,0.82308154296875
82000,0.4130682647228241,3.4471211,0.854478515625
82500,0.38370877504348755,5.003883,0.9197251953125
83000,0.5619913339614868,10.333308,1.1024353515625
83500,0.5211333632469177,4.1807094,1.0196337890625
84000,0.49849987030029297,6.773795,0.9391828125
84500,0.48448142409324646,8.26708,0.740400634765625
85000,0.46731728315353394,3.3204486,0.99302880859375
85500,0.535280168056488,5.2100134,0.871870703125
86000,0.6519177556037903,12.280025,0.88621474609375
86500,0.6367653608322144,11.832195,0.8661994140625
87000,0.5582504272460938,8.965104,0.88432626953125
87500,0.667822539806366,10.738215,0.8777373046875
88000,0.5025349259376526,5.0593853,0.80005126953125
88500,0.48509424924850464,2.061268,0.951783984375
89000,0.4439707398414612,3.417219,0.93566064453125
89500,0.46045035123825073,2.5263848,0.93507548828125
90000,0.44918256998062134,9.456958,0.9878744140625
90500,0.616718590259552,17.892464,1.12072392578125
91000,0.48904144763946533,2.908537,1.0744578125
91500,0.5622295141220093,8.069308,0.8385876953125
92000,0.5451348423957825,8.886408,0.844137890625
92500,0.46744704246520996,6.704105,0.8284345703125
93000,0.5015043616294861,10.784402,1.05814375
93500,0.5494909286499023,7.5413904,1.082440625
94000,0.4879418611526489,8.966088,1.05679462890625
94500,0.622277021408081,9.638495,0.82763671875
95000,0.4526793360710144,5.070136,0.89614248046875
95500,0.6159713268280029,11.269194,0.9968404296875
96000,0.5414478778839111,9.289266,0.93980693359375
96500,0.5669096112251282,11.172219,0.84899384765625
97000,0.5143787860870361,9.788912,0.842943359375
97500,0.4917919635772705,3.81756,1.06021259765625
98000,0.6161947846412659,13.477443,1.158503125
98500,0.6210972666740417,11.243987,1.25378408203125
99000,0.5886745452880859,15.565568,1.2170474609375
99500,0.5856650471687317,14.178019,1.1858611328125
100000,0.5643041133880615,11.163783,1.1552912109375
100500,0.6265218257904053,15.969255,1.22144443359375
101000,0.6478962898254395,17.596544,1.28786513671875
101500,0.7790460586547852,18.601782,1.333996875
102000,0.6176849007606506,17.664707,1.20316484375
102500,0.5448029041290283,14.162153,1.1883287109375
103000,0.7387565970420837,20.763119,1.40379052734375
103500,0.642261803150177,18.570004,1.22890400390625
104000,0.7639526724815369,20.779173,1.3723435546875
104500,0.7005529999732971,13.537363,1.33478310546875
105000,0.7251320481300354,16.842741,1.3096296875
105500,0.851926326751709,18.169699,1.60239765625
106000,0.9256505370140076,29.005466,1.5741052734375
106500,0.728705644607544,22.530159,1.4330109375
107000,0.7782682776451111,19.063053,1.4475509765625
107500,0.7689540982246399,17.110773,1.51872744140625
108000,0.7437793016433716,20.109324,1.4016490234375
108500,0.9200905561447144,28.818684,1.652479296875
109000,0.9243558049201965,29.461733,1.5713189453125
109500,0.6894370317459106,14.250601,1.3367357421875
110000,0.9243619441986084,34.495575,1.690960546875
110500,0.7619725465774536,17.485184,1.47773544921875
111000,0.9643967151641846,28.917177,1.58004462890625
111500,0.7354602217674255,20.09915,1.48669208984375
112000,0.8569636344909668,25.110188,1.57476044921875
112500,0.9457052946090698,30.053385,1.6566640625
113000,0.9057124853134155,24.562618,1.606853515625
113500,0.9220449328422546,19.90852,1.704264453125
114000,0.9162788391113281,17.461565,1.6960775390625
114500,0.850456714630127,29.570583,1.513769921875
115000,1.0097321271896362,27.60991,1.84171796875
115500,0.9101272225379944,20.29103,1.69008828125
116000,0.8095364570617676,19.269651,1.560056640625
116500,1.1654119491577148,35.889874,1.9978625
117000,0.9144273996353149,19.822933,1.63498701171875
117500,0.9452391266822815,25.77697,1.658853515625
118000,1.1492172479629517,19.382421,2.00017421875
118500,0.9988759160041809,27.211824,1.7947623046875
119000,1.1581777334213257,40.415348,2.029888671875
119500,1.0369915962219238,27.133757,1.8528833984375
120000,0.9208037853240967,29.00738,1.82222890625
120500,0.9883202314376831,27.879385,1.8815953125
121000,1.1622138023376465,32.89188,1.9812947265625
121500,1.0372265577316284,22.240198,1.918305078125
122000,1.0253782272338867,26.135426,2.003587890625
122500,1.2109320163726807,28.906422,2.1649361328125
123000,0.9992964267730713,23.760748,1.818499609375
123500,1.1872650384902954,29.756609,2.01100859375
124000,1.0703297853469849,20.149286,2.003825
124500,1.2117011547088623,31.933996,2.0341513671875
125000,1.0876107215881348,30.579647,1.90044296875
125500,1.2869679927825928,32.448853,2.405109765625
126000,1.24118971824646,29.498236,2.159957421875
126500,1.242748737335205,35.840748,2.2858673828125
127000,1.085800290107727,32.38766,2.054404296875
127500,1.2344701290130615,29.10593,2.2356884765625
128000,1.1876246929168701,32.545498,2.272541015625
128500,1.1992733478546143,30.458485,2.1977041015625
129000,1.2616422176361084,19.528168,2.2080015625
129500,1.353367567062378,27.168552,2.41565390625
130000,1.1537516117095947,28.561796,2.23434921875
130500,1.3103848695755005,30.152872,2.407096875
131000,1.461807131767273,43.343845,2.4176736328125
131500,1.5016307830810547,46.19997,2.349679296875
132000,1.1340851783752441,16.463179,2.203916015625
132500,1.3498419523239136,37.73897,2.381913671875
133000,1.4310357570648193,32.075794,2.541425390625
133500,1.3751397132873535,29.380281,2.4032849609375
134000,1.2215821743011475,33.217075,2.188848828125
134500,1.161970615386963,32.196087,2.15287734375
135000,1.4445199966430664,33.499573,2.624646875
135500,1.4113527536392212,27.620443,2.50086796875
136000,1.380601406097412,35.356415,2.4558375
136500,1.3795887231826782,35.190956,2.567953125
137000,1.6167776584625244,44.261337,2.7270490234375
137500,1.3300399780273438,20.830025,2.486783984375
138000,1.2792428731918335,31.359583,2.454338671875
138500,1.3447115421295166,31.96264,2.494856640625
139000,1.3113510608673096,35.84595,2.42275078125
139500,1.574635624885559,37.56456,2.7436755859375
140000,1.5671980381011963,38.535946,2.678378125
140500,1.403289556503296,25.570608,2.6246310546875
141000,1.4391400814056396,30.912521,2.615522265625
141500,1.3828694820404053,30.749317,2.5130390625
142000,1.4801241159439087,32.73644,2.67247109375
142500,1.2612205743789673,33.636276,2.4630037109375
143000,1.495685338973999,39.16899,2.5859982421875
143500,1.4629673957824707,40.842793,2.56163515625
144000,1.3544570207595825,31.973845,2.4860630859375
144500,1.3086307048797607,27.890299,2.489228515625
145000,1.5051243305206299,36.43782,2.6367314453125
145500,1.3137695789337158,21.077177,2.50122578125
146000,1.5209746360778809,41.612263,2.734656640625
146500,1.6535780429840088,44.435295,2.87840703125
147000,1.8301823139190674,45.79871,3.198682421875
147500,1.7847177982330322,55.694313,3.0006958984375
148000,1.5226032733917236,27.908243,2.792240625
148500,1.7499586343765259,40.978203,2.9569609375
149000,1.5020159482955933,30.494015,2.7727607421875
149500,1.4114038944244385,23.362528,2.71839609375
150000,1.4210288524627686,32.84958,2.6766087890625
150500,1.506389856338501,28.717653,2.83522265625
151000,1.7564311027526855,42.231937,2.93805859375
151500,1.809997797012329,52.858967,2.994887109375
152000,1.6518290042877197,45.682877,3.028720703125
152500,1.7563977241516113,48.9023,3.075612890625
153000,1.8144421577453613,38.92694,3.148669921875
153500,1.8927037715911865,47.057064,3.257946484375
154000,1.8910948038101196,43.21393,3.234785546875
154500,2.0632145404815674,58.41837,3.42973046875
155000,1.8618968725204468,43.43841,3.30173984375
155500,1.570853352546692,34.678356,2.8260029296875
156000,1.5567264556884766,34.378284,2.855662109375
156500,1.672936201095581,37.429184,2.9844873046875
157000,1.700557827949524,27.785856,3.188307421875
157500,1.9242005348205566,43.77389,3.323876171875
158000,1.8830413818359375,48.102512,3.2205234375
158500,1.848678469657898,21.510351,3.28756953125
159000,2.0169553756713867,46.74503,3.417225
159500,1.9737974405288696,52.717125,3.330732421875
160000,1.9403650760650635,32.068108,3.2993828125
160500,2.1211795806884766,47.2919,3.593209375
161000,1.915036678314209,39.643387,3.32381328125
161500,2.01529598236084,50.825867,3.268782421875
162000,2.5012364387512207,75.318306,3.8741109375
162500,1.7418112754821777,43.697556,3.1650015625
163000,1.9839961528778076,43.840427,3.361739453125
163500,1.5503932237625122,28.289326,3.0608595703125
164000,1.8711590766906738,35.215588,3.360276171875
164500,2.198239803314209,43.830456,3.580490234375
165000,2.387829303741455,67.529854,3.641446484375
165500,2.34448504447937,38.43167,3.7292
166000,2.002455234527588,50.530853,3.4110671875
166500,2.2176949977874756,39.73505,3.6900265625
167000,2.149618148803711,44.954914,3.602959375
167500,1.9145474433898926,46.27267,3.366893359375
168000,2.27146053314209,42.101307,3.7983640625
168500,2.297919750213623,52.434254,3.847533203125
169000,2.0118088722229004,37.631367,3.655146875
169500,2.4141790866851807,49.39917,3.975113671875
170000,2.3608272075653076,49.327827,4.0698765625
170500,2.0635504722595215,33.131428,3.53192890625
171000,2.30374813079834,39.268177,3.769434375
171500,2.168975353240967,43.08196,3.705265625
172000,2.323561191558838,50.483734,3.862072265625
172500,2.3164806365966797,45.112286,3.914807421875
173000,2.340501308441162,36.5893,3.94605078125
173500,2.362457752227783,41.21297,4.053411328125
174000,2.2666685581207275,50.939976,3.8337421875
174500,2.287381649017334,54.13913,3.784605078125
175000,2.469390630722046,50.236088,4.09045390625
175500,2.3928258419036865,44.376183,4.017065625
176000,1.9209263324737549,28.887032,3.5837234375
176500,1.981574296951294,41.044003,3.605034765625
177000,2.3567464351654053,53.728558,3.93149765625
177500,2.3076400756835938,45.687374,3.9104296875
178000,2.589503288269043,44.442127,4.27363828125
178500,2.560004234313965,51.924446,4.29251796875
179000,2.268514394760132,41.986115,3.943546875
179500,2.5446701049804688,45.756264,4.146027734375
180000,2.5850448608398438,62.043324,4.1435953125
180500,2.4775822162628174,38.978962,4.045160546875
181000,2.4066050052642822,43.497536,4.12569609375
181500,2.1545774936676025,43.461967,3.74663203125
182000,2.4808597564697266,39.02115,4.31432421875
182500,2.161839485168457,49.785652,3.8688453125
183000,2.9730098247528076,61.88798,4.6674515625
183500,2.1489005088806152,29.488554,3.978805859375
184000,2.3402369022369385,38.615,4.09581171875
184500,2.651711940765381,54.127434,4.444420703125
185000,2.2628426551818848,51.41801,4.1329671875
185500,2.45070219039917,40.65878,4.243487890625
186000,2.473906993865967,41.29693,4.341098828125
186500,2.688683032989502,55.83854,4.518349609375
187000,2.275383234024048,44.738396,4.059859375
187500,2.4161601066589355,52.580055,4.24847578125
188000,2.216531991958618,33.428528,4.254337890625
188500,2.5160858631134033,46.206642,4.577428125
189000,2.3248472213745117,39.81135,4.270871875
189500,2.614989757537842,44.25602,4.537394921875
190000,2.8747849464416504,47.05695,4.700878125
190500,2.3901333808898926,41.25785,4.38313359375
191000,2.5802876949310303,41.221874,4.669491015625
191500,2.2754249572753906,34.95813,4.341337109375
192000,2.8555989265441895,50.47907,4.886270703125
192500,2.748857021331787,51.729717,4.720211328125
193000,2.629473924636841,28.68056,4.745640625
193500,2.802669048309326,46.322197,4.82936640625
194000,2.3139395713806152,30.204123,4.394842578125
194500,2.6342320442199707,35.752422,4.820755078125
195000,2.8932414054870605,49.10949,5.032615234375
195500,2.3705880641937256,31.116117,4.575500390625
196000,2.798677682876587,35.406715,4.812803125
196500,2.7684221267700195,41.81124,4.993849609375
197000,2.8228418827056885,44.528923,5.06971953125
197500,2.6227569580078125,51.709732,4.503434765625
198000,2.7876155376434326,36.33333,4.856278515625
198500,2.7258810997009277,52.268654,4.690355859375
199000,2.5918068885803223,42.161304,4.787386328125
199500,2.4058730602264404,31.345034,4.6898859375
200000,2.486814260482788,20.773647,4.629896875
200500,2.471428394317627,38.283188,4.7545390625
201000,2.889407157897949,43.497017,5.05706875
201500,2.3677480220794678,34.137913,4.5687828125
202000,2.3804194927215576,36.661438,4.73884765625
202500,2.440685272216797,36.77974,4.82541796875
203000,2.971566915512085,49.104027,5.19290078125
203500,2.3093461990356445,25.024942,4.64165
204000,2.7701621055603027,41.53057,5.0718859375
204500,2.459362030029297,29.197,4.86652578125
205000,2.303079128265381,27.569616,4.7459765625
205500,2.2858004570007324,25.151056,4.8876453125
206000,2.5290274620056152,40.11615,4.86255625
206500,2.603555679321289,34.0365,4.967369921875
207000,2.47694993019104,33.336613,4.7322265625
207500,2.801299571990967,41.125263,5.141134375
208000,2.4878931045532227,27.937857,5.08841328125
208500,2.6955811977386475,39.252407,5.101516796875
209000,2.8885464668273926,37.412457,5.49609375
209500,2.9856879711151123,49.85373,5.4704015625
210000,2.5648446083068848,36.540726,4.966815625
210500,2.510472536087036,32.95266,4.95718125
211000,2.615192174911499,37.883232,5.037729296875
211500,2.4731040000915527,28.587185,4.9470265625
212000,2.7808401584625244,35.03455,5.27112265625
212500,2.938676118850708,39.98787,5.39860859375
213000,2.81846284866333,31.207407,5.3339484375
213500,2.4244837760925293,37.46113,5.04114140625
214000,2.669286012649536,33.05921,5.32783359375
214500,2.5349645614624023,35.553143,5.28218671875
215000,2.5547170639038086,41.39371,5.1193765625
215500,2.439544439315796,26.590246,5.136449609375
216000,2.8558175563812256,31.441128,5.571215234375
216500,2.873457431793213,44.571705,5.543980859375
217000,2.724438428878784,36.17676,5.53852109375
217500,2.6038732528686523,32.363422,5.267487109375
218000,2.486959934234619,34.756485,5.23639921875
218500,2.9052300453186035,32.191837,5.62177421875
219000,2.4992544651031494,30.809235,5.218425
219500,2.4295105934143066,22.319065,5.2325421875
220000,2.5087366104125977,26.4511,5.251006640625
220500,2.6966397762298584,30.817574,5.508570703125
221000,2.598111152648926,27.235464,5.30754296875
221500,2.3554675579071045,27.38686,5.25459609375
222000,2.6589715480804443,35.706142,5.469080078125
222500,2.9750847816467285,40.902096,5.685603515625
223000,3.0421571731567383,44.983128,5.906879296875
223500,2.7086503505706787,36.808548,5.424384375
224000,2.536177635192871,27.634003,5.26260859375
224500,2.6354594230651855,42.4633,5.38369765625
225000,2.662977695465088,45.035915,5.473630859375
225500,2.5157718658447266,37.020313,5.2541328125
226000,2.3393959999084473,35.5557,5.32528671875
226500,2.6538829803466797,31.476404,5.6131515625
227000,2.7755351066589355,46.884754,5.545985546875
227500,2.6048660278320312,22.894758,5.414973046875
228000,2.623150587081909,36.175102,5.536633203125
228500,2.6577515602111816,42.636906,5.46045078125
229000,2.730511426925659,39.94959,5.599785546875
229500,2.457430362701416,27.447697,5.43938515625
230000,2.388700008392334,30.194986,5.2139828125
230500,2.601423501968384,34.13612,5.646435546875
231000,2.6990346908569336,38.55485,5.8090390625
231500,2.6063485145568848,28.900267,5.553919921875
232000,2.5801022052764893,29.075024,5.5743828125
232500,2.499748945236206,31.413984,5.282528515625
233000,2.509024143218994,33.93898,5.48675234375
233500,2.306473970413208,22.729963,5.16950859375
234000,2.349435329437256,33.225174,5.3060171875
234500,2.558401107788086,38.529194,5.61003515625
235000,2.4308862686157227,40.664814,5.326703515625
235500,2.6894173622131348,43.826916,5.5791453125
236000,2.4702301025390625,32.01116,5.3991796875
236500,2.421326160430908,37.356777,5.31717265625
237000,2.4878125190734863,36.092102,5.484323046875
237500,3.0616912841796875,49.612904,6.0099921875
238000,2.3933799266815186,29.453686,5.43420703125
238500,2.3730483055114746,31.045301,5.29076875
239000,2.777897596359253,40.40201,5.8898125
239500,2.6170496940612793,33.3971,5.709583203125
240000,2.7212283611297607,47.970924,5.724008203125
240500,2.6766457557678223,40.85274,5.80290625
241000,2.48335599899292,31.89226,5.4197796875
241500,2.6883792877197266,37.2492,5.448389453125
242000,2.8168528079986572,38.855804,5.896668359375
242500,2.60994815826416,40.51993,5.6182671875
243000,2.6596016883850098,40.096916,6.0059109375
243500,2.4579930305480957,35.955444,5.670065625
244000,2.3778796195983887,30.556898,5.52115703125
244500,2.3516526222229004,32.961258,5.492040625
245000,2.187732458114624,27.981419,5.34792421875
245500,2.649510145187378,40.06899,5.9106515625
246000,2.4667603969573975,33.908714,5.64745390625
246500,2.6454615592956543,38.859764,5.7257140625
247000,2.5545997619628906,37.29548,5.766269921875
247500,2.538238048553467,34.088623,5.73589453125
248000,2.635319948196411,37.7637,5.74383515625
248500,2.1767992973327637,20.848494,5.47937578125
249000,2.446784257888794,36.439533,5.646565625
249500,2.6396443843841553,38.037434,5.690858203125
250000,2.230771780014038,31.33163,5.25465625
250500,2.9327101707458496,51.94751,5.995470703125
251000,2.6514077186584473,46.31557,5.8146203125
251500,2.409172773361206,32.793907,5.62129453125
252000,2.3350963592529297,35.27532,5.639365625
252500,2.323453903198242,30.592052,5.358731640625
253000,2.254180908203125,33.291092,5.3687796875
253500,2.6131339073181152,47.36653,5.7732390625
254000,2.5773277282714844,43.76819,5.725092578125
254500,2.4056875705718994,36.914364,5.522421484375
255000,2.5037336349487305,39.240093,5.7577484375
255500,2.54789137840271,42.06402,5.652871875
256000,2.417649984359741,40.284485,5.647205078125
256500,2.2216339111328125,31.40244,5.393548046875
257000,2.509965181350708,40.105373,5.69667578125
257500,2.159168004989624,22.286991,5.17016171875
258000,2.420931100845337,36.762035,5.6936703125
258500,2.6499123573303223,46.578423,5.8191359375
259000,2.364032506942749,34.655334,5.552939453125
259500,2.1270461082458496,30.332022,5.54824140625
260000,2.8075385093688965,45.363235,6.06213828125
260500,2.377087116241455,43.722424,5.5443109375
261000,2.612044334411621,36.226223,5.818314453125
261500,2.500265121459961,41.348415,5.5610109375
262000,2.3057315349578857,27.450205,5.523182421875
262500,2.365744113922119,23.225357,5.508055078125
263000,2.5955793857574463,50.416958,5.879752734375
263500,2.5702996253967285,38.71796,5.82027421875
264000,2.3803670406341553,42.097164,5.59176640625
264500,2.577333450317383,44.39299,5.79212734375
265000,2.62040376663208,40.290394,6.0169875
265500,2.4179720878601074,41.25825,5.6695828125
266000,2.4315459728240967,39.96091,5.735740625
266500,2.4203596115112305,36.98447,5.749323828125
267000,2.2046914100646973,32.326805,5.442849609375
267500,2.520159959793091,32.1875,5.997325390625
268000,2.458435535430908,41.677387,5.752378125
268500,2.4309515953063965,48.44512,5.854704296875
269000,2.290525197982788,33.1694,5.487366015625
269500,2.4910168647766113,49.2454,5.729309375
270000,2.648020029067993,51.020462,5.9639828125
270500,2.353732109069824,35.50693,5.79919921875
271000,2.273517608642578,44.227093,5.53342109375
271500,2.3157732486724854,37.548073,5.66930703125
272000,2.462160587310791,34.578518,5.8002875
272500,2.3958218097686768,42.35736,5.759803515625
273000,2.3801188468933105,43.378742,5.72670546875
273500,2.3967137336730957,44.97004,5.6292328125
274000,2.180988311767578,33.248417,5.50555859375
274500,2.4491255283355713,51.79395,5.917299609375
275000,2.243177652359009,44.834953,5.453500390625
275500,2.4313933849334717,37.80733,5.89836640625
276000,2.470487594604492,49.689606,5.78125390625
276500,2.6143531799316406,50.179737,5.83373671875
277000,2.81056809425354,51.376995,6.13534921875
277500,2.534498453140259,48.13631,5.9887359375
278000,2.4858813285827637,36.21012,6.0915328125
278500,2.315519094467163,44.361626,5.66615078125
279000,2.67380690574646,54.57071,6.23016953125
279500,2.690049648284912,55.9652,6.11026953125
280000,2.5207607746124268,52.22779,5.93191171875
280500,2.429225206375122,42.00951,6.0040015625
281000,2.294745922088623,42.51664,5.730299609375
281500,2.508025646209717,47.901413,5.709205078125
282000,2.628410816192627,45.995308,5.793329296875
282500,2.784376859664917,46.5336,6.038578125
283000,2.556509494781494,49.789474,6.081165234375
283500,2.5237553119659424,38.10938,5.72251640625
284000,2.540862798690796,60.99758,5.95588203125
284500,2.637192964553833,42.050846,6.063491015625
285000,2.5241103172302246,43.804928,6.223833203125
285500,2.3743839263916016,38.184967,5.73435390625
286000,2.5822372436523438,53.402473,6.2538859375
286500,2.6746668815612793,49.013775,6.0915359375
287000,2.388349771499634,48.888866,6.051080859375
287500,2.5143208503723145,54.18923,6.040865234375
288000,2.6236977577209473,43.70059,6.30751171875
288500,2.3971872329711914,48.321465,5.90762109375
289000,2.586754083633423,40.23606,6.0964828125
289500,2.358128309249878,39.52802,5.899484375
290000,2.5326948165893555,39.01492,6.082078125
290500,2.4143645763397217,53.60607,5.806798046875
291000,2.619098663330078,59.637623,6.269746875
291500,2.340118408203125,48.23923,6.08155859375
292000,2.6762795448303223,63.694805,6.1724796875
292500,2.520583391189575,53.631958,6.074171484375
293000,2.75386905670166,54.651447,6.324345703125
293500,2.6049160957336426,53.59454,6.168414453125
294000,2.560586929321289,50.25876,5.84951953125
294500,2.5767362117767334,45.19454,6.15685859375
295000,2.438688278198242,51.203472,6.24689375
295500,2.532304525375366,46.00985,6.111663671875
296000,2.6629037857055664,61.67008,6.46708984375
296500,2.9177823066711426,86.465675,6.746846875
297000,2.461193561553955,57.274162,6.0617171875
297500,2.592257022857666,58.12096,6.338530078125
298000,2.493115186691284,47.79662,6.38487734375
298500,2.723639488220215,59.836506,6.4802390625
299000,2.666398763656616,53.12231,6.44783359375
299500,2.567136287689209,59.23208,6.015903515625
300000,2.506692886352539,48.17149,6.20954765625
300500,2.5299363136291504,51.572056,6.284440625
301000,2.456902027130127,50.85811,6.0513640625
301500,2.662407398223877,53.170315,6.20950703125
302000,2.450512170791626,49.071,6.3344046875
302500,2.5227911472320557,52.259964,6.4056640625
303000,2.582453727722168,57.485455,6.27371328125
303500,2.4636178016662598,50.282024,6.073659765625
304000,2.6236677169799805,61.264893,6.37834453125
304500,2.5090513229370117,51.56439,6.17012421875
305000,2.635162353515625,57.033173,6.219908203125
305500,2.3808178901672363,38.358467,6.045533984375
306000,2.3295562267303467,42.97487,6.377880078125
306500,2.367478609085083,50.209385,6.0166890625
307000,2.320289134979248,42.814575,6.284156640625
307500,2.4901344776153564,52.610313,6.0680953125
308000,2.3629860877990723,42.525284,6.3467703125
308500,2.6614792346954346,53.01756,6.3208609375
309000,2.4605817794799805,50.847878,6.300987109375
309500,2.354905366897583,41.52318,6.389595703125
310000,2.425051212310791,56.097153,6.1906078125
310500,2.3801450729370117,56.394035,6.279941015625
311000,2.59818696975708,57.642883,6.375926953125
311500,2.404743194580078,49.641586,6.6376328125
312000,2.3481428623199463,48.81995,6.177066015625
312500,2.3992466926574707,51.91495,6.15223046875
313000,2.5483357906341553,53.16199,6.3949640625
313500,2.6093711853027344,63.498997,6.38818125
314000,2.3022780418395996,50.28801,6.381679296875
314500,2.507803440093994,62.202465,6.36844375
315000,2.4575092792510986,55.202644,6.29457265625
315500,2.533797264099121,54.061993,6.4952953125
316000,2.5926167964935303,59.341457,6.504442578125
316500,2.149484872817993,39.991085,6.17750078125
317000,2.4602813720703125,53.35035,6.19871015625
317500,2.5108237266540527,52.50427,6.73535
318000,2.473215103149414,49.713055,6.07596484375
318500,2.4810874462127686,48.99739,6.56695390625
319000,2.6414794921875,60.151993,6.77002734375
319500,2.464531898498535,52.49818,6.44461875
320000,2.4253122806549072,40.05474,6.241716796875
320500,2.735576629638672,52.33634,6.09329609375
321000,2.4354090690612793,48.786125,6.13995546875
321500,2.315725803375244,43.59151,6.245875390625
322000,2.277137279510498,43.725765,6.51842890625
322500,2.542490005493164,43.542046,6.540989453125
323000,2.3633780479431152,55.337036,6.161829296875
323500,2.507403612136841,58.779743,6.558115625
324000,2.385730028152466,47.542416,6.0038421875
324500,2.4109582901000977,52.60104,6.222020703125
325000,2.4487595558166504,51.67139,6.398529296875
325500,2.332737684249878,55.762363,6.045933984375
326000,2.5230700969696045,52.207314,6.164867578125
326500,2.4052646160125732,52.057507,6.28607734375
327000,2.487128257751465,60.091488,6.244554296875
327500,2.385838270187378,42.86748,6.367541015625
328000,2.5349318981170654,49.622437,6.462008203125
328500,2.391157627105713,53.695633,6.0322671875
329000,2.4109623432159424,51.15062,6.65708984375
329500,2.677623748779297,59.036034,6.64490078125
330000,2.8432669639587402,79.687454,6.333537109375
330500,2.580059051513672,40.878777,5.86009296875
331000,2.483724355697632,57.663433,6.60668671875
331500,2.5426511764526367,58.615864,6.311611328125
332000,2.4613871574401855,40.754562,6.1235078125
332500,2.643686532974243,71.428185,6.412033203125
333000,2.308495283126831,52.023968,6.327065625
333500,2.284432888031006,50.14368,6.5459953125
334000,2.5207905769348145,51.545185,6.2454203125
334500,2.2529330253601074,55.728912,6.2391296875
335000,2.4781875610351562,66.68526,6.3208734375
335500,2.4884815216064453,48.61481,6.33679296875
336000,2.293276786804199,67.955414,6.5682296875
336500,2.2430052757263184,43.939693,6.2990390625
337000,2.276925563812256,64.18623,6.266769140625
337500,2.1479663848876953,52.673344,6.6200125
338000,2.4946000576019287,52.340885,6.183846484375
338500,2.4013712406158447,51.514973,6.141403125
339000,2.3184304237365723,59.211754,6.053659375
339500,2.31801176071167,61.45076,6.354412109375
340000,2.304729700088501,53.554653,6.618503125
340500,2.339648485183716,66.02601,6.48160546875
341000,2.1212046146392822,59.54781,6.39541640625
341500,2.4077672958374023,65.11607,6.456778125
342000,2.0452182292938232,59.763687,6.312778515625
342500,2.196730136871338,56.78417,6.325508203125
343000,2.156282424926758,53.91485,6.101784375
343500,2.314216136932373,66.20676,6.357264453125
344000,2.076364040374756,47.454285,6.12287265625
344500,2.138941526412964,50.29871,6.042694140625
345000,2.221379518508911,52.705517,6.424490234375
345500,2.1161789894104004,44.361248,6.2511296875
346000,2.369112014770508,48.782154,6.0590125
346500,2.239581346511841,44.64823,6.044934765625
347000,2.147653341293335,47.85463,6.29514765625
347500,2.3844079971313477,70.81935,6.34026484375
348000,2.3315250873565674,54.462845,6.280496484375
348500,2.191035270690918,52.573845,6.444983203125
349000,2.209014415740967,42.185364,6.2065375
349500,2.078221321105957,47.5898,6.26626953125
350000,2.1581974029541016,55.88123,6.380314453125
350500,2.077151298522949,51.825745,6.195859765625
351000,2.101391315460205,49.736633,6.365
351500,2.271196126937866,69.08897,6.391100390625
352000,2.264683961868286,63.56649,6.457578125
352500,2.2825820446014404,70.25841,6.33583828125
353000,2.2852165699005127,64.73551,6.45752890625
353500,2.2442920207977295,50.668087,6.474001953125
354000,2.4135899543762207,71.998085,6.65688828125
354500,2.3666436672210693,59.68724,6.77011875
355000,2.1947178840637207,56.72175,6.3287328125
355500,2.1094398498535156,50.462734,6.680015625
356000,2.2853736877441406,59.479664,6.6125796875
356500,2.1695010662078857,47.299656,6.6006765625
357000,2.453052282333374,53.606754,6.7772734375
357500,2.4647552967071533,54.303967,6.63243984375
358000,2.003394842147827,42.5109,6.37499765625
358500,2.298067569732666,46.695057,6.294345703125
359000,2.36380672454834,48.91331,6.56850703125
359500,2.2573091983795166,51.96849,6.64327421875
360000,2.376070022583008,45.31287,6.356017578125
360500,2.424372434616089,60.93852,6.368390234375
361000,2.3032007217407227,55.84204,6.3033015625
361500,2.3728442192077637,52.092896,6.324266015625
362000,2.46097469329834,55.907673,6.48770390625
362500,2.452740430831909,64.89454,6.2247171875
363000,2.4728777408599854,66.9169,6.29916640625
363500,2.3451054096221924,57.814636,6.4720484375
364000,2.3181309700012207,53.025436,6.365363671875
364500,2.334188461303711,60.908966,6.5087671875
365000,2.1750152111053467,43.464787,6.21848984375
365500,2.027517795562744,49.38618,6.367666796875
366000,2.1410200595855713,53.03536,6.37487265625
366500,2.320880889892578,54.162678,6.139332421875
367000,2.2235054969787598,50.11601,6.26201953125
367500,2.29479718208313,67.84275,6.24431015625
368000,2.1869029998779297,70.32838,6.0649984375
368500,2.0521302223205566,48.42618,6.254767578125
369000,2.2628064155578613,54.55895,6.11455234375
369500,2.263526201248169,58.816654,6.311820703125
370000,2.284330368041992,57.65165,6.31451328125
370500,2.280017137527466,51.75766,6.4608296875
371000,2.1396257877349854,39.802113,6.235465625
371500,2.2973601818084717,55.33485,6.444583203125
372000,2.2398734092712402,52.00076,6.274042578125
372500,2.114926815032959,53.353024,6.476374609375
373000,2.2590174674987793,55.26401,6.38067578125
373500,2.1777544021606445,52.779232,6.39857109375
374000,2.6373136043548584,65.6246,6.332732421875
374500,2.1365559101104736,58.83311,6.7102125
375000,2.294515609741211,61.466858,6.52050390625
375500,2.3562870025634766,64.60214,6.48132265625
376000,2.4325919151306152,54.26913,6.527629296875
376500,2.3427364826202393,58.428326,6.235933984375
377000,2.421623706817627,75.89673,6.540654296875
377500,2.376864433288574,70.99084,6.437854296875
378000,2.0941877365112305,55.213478,6.427500390625
378500,2.3347067832946777,63.60656,6.358619921875
379000,2.4416162967681885,65.15797,6.5560671875
379500,2.3989598751068115,65.60146,6.43610390625
380000,2.599501609802246,62.77071,6.2052640625
380500,2.497305393218994,66.597824,6.6452078125
381000,2.4451076984405518,58.107433,6.3748078125
381500,2.420883893966675,54.439777,6.74405
382000,2.511984348297119,46.44524,6.17467421875
382500,2.3584272861480713,70.14333,6.28521640625
383000,1.9433214664459229,41.894836,5.748426171875
383500,1.9537606239318848,46.05841,5.9327625
384000,2.25417160987854,60.441402,6.0017
384500,2.0933241844177246,39.726692,5.47723828125
385000,2.1174778938293457,61.15324,5.973420703125
385500,2.1872801780700684,52.9261,5.95466484375
386000,1.9794785976409912,51.715443,5.9401421875
386500,2.1421966552734375,44.714027,6.048158984375
387000,2.242053985595703,45.124096,5.792425
387500,2.087139129638672,60.165684,6.188876953125
388000,2.1767661571502686,49.867046,6.17147734375
388500,2.0192220211029053,46.797905,6.291737890625
389000,2.0858254432678223,53.408005,5.98827890625
389500,2.4540839195251465,63.781506,6.072635546875
390000,2.298196315765381,69.5126,6.422782421875
390500,2.0668411254882812,41.292286,6.3248328125
391000,2.128512144088745,51.719807,6.009076953125
391500,2.1583058834075928,47.242775,6.114838671875
392000,2.341055154800415,49.748074,5.5067609375
392500,2.1859726905822754,63.104794,5.908240625
393000,1.8638968467712402,39.62796,5.81922109375
