t_env,episode,epsilon,episode_reward
27,1,1.0,22.97888169633101
554,35,0.990386,42.570661021701575
1062,66,0.979993,10.508475476259996
1588,96,0.97074,44.82010288262903
2119,118,0.961658,74.23455661591456
2623,146,0.95117,37.8195636199413
3151,175,0.941385,45.39608894975448
3656,200,0.930764,12.930738344747041
4161,228,0.9213210000000001,23.954821947407417
4685,255,0.911745,35.81213215915229
5188,292,0.901618,11.81873498400041
5697,327,0.89208,17.23025346816419
6208,359,0.882333,16.386105417850057
6717,391,0.872719,17.751708579058874
7223,413,0.863181,24.53277694070603
7731,444,0.853282,9.657461645765704
8234,474,0.8437250000000001,11.030507496170072
8734,490,0.834339,18.40463134851245
9290,515,0.824782,61.33761507474307
9817,538,0.814028,32.0256804549851
10318,560,0.804243,14.627007632194184
10825,584,0.7945150000000001,11.003534705911202
11362,612,0.785775,73.85850365536297
11892,638,0.774641,25.910282184496186
12408,665,0.765046,29.80511042873137
12921,692,0.7548050000000001,17.247413230768704
13444,710,0.745229,27.563847492254787
13946,728,0.7352350000000001,12.507009411115328
14449,748,0.725735,18.302626718230922
15009,773,0.716064,54.89824363532153
15538,798,0.705728,38.33788244302811
16090,823,0.696399,135.85293288840006
16602,847,0.684866,21.654649614826532
17116,867,0.6759550000000001,55.590123791512006
17627,891,0.6653340000000001,13.48127455317881
18178,911,0.656309,76.44190291597087
18678,930,0.6458780000000001,33.47926056756046
19193,952,0.6357700000000001,25.77159716956526
19732,977,0.62608,39.34907522249945
20286,1011,0.615858,84.18446734227794
20797,1034,0.605218,21.515919684702713
21313,1052,0.5954140000000001,17.849716938427033
21899,1068,0.5857620000000001,90.00182823156872
22405,1088,0.574571,15.763418994919729
22950,1104,0.5651470000000001,51.810847043952805
23494,1125,0.554697,52.42087237701885
24027,1139,0.544209,38.528651613148014
24568,1157,0.5341770000000001,45.32355356790969
25072,1180,0.5239170000000001,17.725508383122232
25572,1197,0.5162410000000001,107.97414085830844
26100,1216,0.506,79.52545516112293
26603,1232,0.49556900000000004,43.77189900607447
27164,1247,0.48637300000000006,143.19916075100116
27727,1259,0.47599900000000006,147.62848220274128
28340,1273,0.4640860000000001,94.53540981233657
28903,1291,0.45262900000000006,85.92528519791774
29504,1309,0.4417040000000001,143.30771763893594
30026,1330,0.43165300000000006,107.57430931155568
30676,1347,0.42034800000000005,135.2744817673198
31230,1359,0.4081690000000001,104.82495002736704
31730,1374,0.39770000000000005,34.493726129304605
32231,1385,0.38835200000000003,31.100498303598428
32832,1392,0.3799730000000001,157.3995291904186
33384,1405,0.3686680000000001,113.51240479091854
33958,1421,0.3571160000000001,99.90007857044026
34506,1433,0.3462480000000001,78.58939581095218
35014,1455,0.3349430000000001,12.331921155997557
35595,1470,0.3259750000000001,145.85965415408958
36190,1479,0.3147650000000001,99.71844565691654
36796,1499,0.30306100000000014,99.94649847240709
37404,1504,0.2935420000000001,155.66497223375336
38006,1511,0.2811540000000001,188.71199704708252
38594,1523,0.2703810000000001,167.78317188758191
39099,1535,0.25749900000000014,26.111051905783995
39615,1551,0.24784700000000004,26.752419636980605
40223,1568,0.23789100000000007,131.6467324190616
40822,1581,0.22823900000000008,147.50075804872256
41338,1589,0.21499600000000008,19.237149437755555
41848,1595,0.20847900000000008,150.55363040894673
42360,1607,0.1956540000000001,27.47839330431544
42868,1613,0.18567900000000015,11.061567915179925
43442,1617,0.17800300000000013,233.88878613872853
43987,1623,0.16519700000000015,36.90333831064095
44533,1629,0.15698900000000016,202.8241211360922
45211,1640,0.14494300000000016,157.18612366464376
45786,1646,0.1325550000000001,119.45868027757508
46294,1649,0.12294100000000008,114.856322719259
46943,1656,0.11378300000000008,324.94869414330196
47524,1662,0.10126200000000007,212.86797854752217
48048,1670,0.08974800000000016,104.58163674371
48564,1682,0.07960200000000006,174.49042412085856
49067,1688,0.06957000000000013,81.20632907241779
49670,1697,0.058455000000000146,85.34426065430588
50179,1705,0.05,97.48111417934517
50721,1714,0.05,100.5127084516384
51381,1721,0.05,133.63926352472185
51922,1730,0.05,62.07261370740919
52480,1738,0.05,81.25553579804675
53096,1746,0.05,99.05501623185405
53678,1753,0.05,55.70240138769271
54267,1761,0.05,209.8065545684116
54819,1771,0.05,132.2417796337906
55410,1784,0.05,101.02920489933608
55959,1795,0.05,149.7131883163461
56545,1808,0.05,90.22745861302845
57193,1817,0.05,118.9841866070481
57751,1823,0.05,88.55056608850217
58254,1829,0.05,13.837641411132845
58853,1833,0.05,120.82619830726674
59360,1845,0.05,18.65034898642161
59896,1854,0.05,72.48270621196303
60413,1870,0.05,96.75651440517534
61158,1876,0.05,218.68693049960652
61680,1887,0.05,78.48966805407117
62201,1898,0.05,77.38900956127497
62842,1906,0.05,194.54523952510823
63361,1915,0.05,127.42418020615398
63973,1927,0.05,133.387322092878
64551,1939,0.05,72.1504098043422
65136,1945,0.05,92.16220952641105
65638,1955,0.05,15.556669794294695
66170,1960,0.05,112.04970486527473
66728,1969,0.05,87.79816151511551
67292,1977,0.05,167.45399967697156
67887,1988,0.05,95.99862614525237
68390,1999,0.05,18.86625636853034
69050,2011,0.05,138.41378969117235
69658,2030,0.05,98.26367842309938
70253,2038,0.05,125.22059959117315
70760,2047,0.05,13.170863932814786
71343,2060,0.05,146.36648132764537
71844,2071,0.05,20.687782584851238
72508,2080,0.05,255.05124389080237
73099,2087,0.05,133.7108874927866
73617,2097,0.05,29.416314411084663
74127,2106,0.05,24.33530389453769
74734,2116,0.05,136.80512546231412
75239,2126,0.05,162.39283418777765
75912,2133,0.05,221.55990407072508
76412,2142,0.05,68.56610709315379
76947,2150,0.05,160.67167725353332
77452,2158,0.05,122.86731383035185
77979,2167,0.05,62.223549275685514
78540,2176,0.05,67.19203422060173
79078,2188,0.05,122.83871662677532
79632,2197,0.05,84.03335022547893
80146,2203,0.05,140.31387087932873
80688,2226,0.05,71.15234683105157
81221,2232,0.05,59.54951192724195
81836,2236,0.05,360.97129368498395
82400,2251,0.05,114.96154022062721
82947,2256,0.05,162.725108832089
83496,2264,0.05,72.7810234740538
83998,2282,0.05,10.503186108646803
84582,2286,0.05,115.88840133507462
85137,2291,0.05,60.814777918948906
85822,2296,0.05,264.13218489064974
86355,2302,0.05,161.77670005644612
86872,2312,0.05,107.42907725415498
87497,2329,0.05,118.1934927688036
88035,2341,0.05,59.76237151951359
88544,2350,0.05,15.692977089998596
89119,2357,0.05,238.24431282743674
89755,2367,0.05,218.45379871700578
90294,2373,0.05,60.18484755909388
90903,2379,0.05,188.403278410734
91566,2394,0.05,255.16353552969622
92106,2402,0.05,232.75537149050152
92646,2412,0.05,190.0072610578038
93168,2421,0.05,50.05108582903838
93702,2427,0.05,77.13495334815954
94218,2433,0.05,169.89872002441763
94859,2442,0.05,136.83222086129996
95401,2447,0.05,51.5002072700048
96041,2457,0.05,183.3138712013686
96662,2468,0.05,150.1446173653646
97253,2474,0.05,120.89478016204319
97826,2480,0.05,111.87588748907804
98538,2487,0.05,181.32798561959044
99148,2493,0.05,146.7933977088006
99672,2500,0.05,47.518611834225126
100180,2513,0.05,51.44894741794629
100752,2531,0.05,302.7473160151421
101278,2546,0.05,76.74252632908845
101907,2555,0.05,249.1109261444671
102532,2564,0.05,174.1288605620903
103167,2572,0.05,283.62113962426923
103711,2583,0.05,93.77238056471558
104215,2595,0.05,11.26481747849727
104723,2603,0.05,16.863190535819346
105236,2610,0.05,75.35548602996096
105802,2615,0.05,261.40206190121114
106411,2625,0.05,168.95963628728066
107011,2635,0.05,108.07367520635006
107514,2641,0.05,10.780529237154909
108173,2646,0.05,246.23759375381132
108729,2658,0.05,193.70540427753193
109285,2662,0.05,108.76913660119534
109856,2672,0.05,94.0337878251447
110371,2679,0.05,61.83352083785101
110969,2688,0.05,94.51408100901807
111503,2694,0.05,294.0092038632982
112135,2702,0.05,242.83658022226967
112643,2707,0.05,70.6362874407339
113312,2716,0.05,334.6391939552852
113924,2723,0.05,264.66791030241285
114430,2731,0.05,85.96951234049074
114951,2736,0.05,65.61297350656349
115465,2744,0.05,72.00796361694107
116204,2761,0.05,209.04389829205553
116710,2767,0.05,10.21607198603039
117216,2775,0.05,107.08638623676569
117773,2787,0.05,260.15523209800745
118309,2792,0.05,357.60152188885843
118932,2801,0.05,150.28854124335055
119580,2807,0.05,235.5842462897536
120203,2815,0.05,96.94409830993672
120710,2847,0.05,13.382201549415784
121213,2849,0.05,188.1275472096487
121774,2854,0.05,282.2948643748961
122295,2862,0.05,115.29351899294457
122927,2870,0.05,91.82825495798586
123450,2873,0.05,55.6320837991561
124200,2877,0.05,194.37217148473977
124810,2882,0.05,121.89008307859325
125546,2891,0.05,250.0790639483038
126193,2899,0.05,120.83895114556425
126786,2903,0.05,167.62450409253145
127425,2910,0.05,88.68948497722968
128032,2916,0.05,115.69843700673151
128540,2920,0.05,26.082531863692257
129135,2926,0.05,215.12372600212785
129663,2930,0.05,167.63346107225317
130190,2936,0.05,347.9630262768806
130705,2942,0.05,185.1129213494971
131209,2949,0.05,17.641878025301782
131762,2953,0.05,174.972577085292
132327,2959,0.05,103.81348294536588
132915,2962,0.05,197.8435171271036
133418,2964,0.05,146.48156718966558
134045,2968,0.05,264.83367128523446
134800,2974,0.05,210.12125607951836
135425,2984,0.05,156.07834837085775
135964,2996,0.05,61.94665509163366
136559,2999,0.05,241.77759903488362
137123,3004,0.05,163.5089655208517
137687,3010,0.05,272.8793505679008
138223,3020,0.05,110.48306795274029
138889,3033,0.05,251.37826627966794
139480,3038,0.05,73.96390987947643
139987,3044,0.05,12.465149569104208
140622,3065,0.05,138.96163315958196
141404,3075,0.05,294.271910142316
141909,3083,0.05,29.332137768362383
142551,3087,0.05,219.0320710548581
143262,3093,0.05,226.69494940107742
143916,3101,0.05,283.92644103371657
144536,3105,0.05,391.5583205341566
145166,3112,0.05,261.6614187802159
145726,3116,0.05,161.19589014601237
146279,3122,0.05,243.1297674349189
146961,3128,0.05,369.2335122594623
147487,3135,0.05,242.8698125409247
148246,3139,0.05,387.48463205882683
148833,3144,0.05,169.0677083170819
149458,3152,0.05,205.0117575063474
150214,3164,0.05,243.05916531833475
150870,3169,0.05,292.25582572986906
151444,3174,0.05,186.4612231479028
152104,3180,0.05,217.96992859440854
152766,3186,0.05,117.4029347442568
153284,3189,0.05,107.96613682118415
153968,3202,0.05,280.57431847278366
154475,3204,0.05,207.74758397623856
155092,3207,0.05,244.3259206869172
155692,3209,0.05,263.40183458295587
156379,3215,0.05,264.28868996340873
156922,3217,0.05,206.27585641686258
157459,3222,0.05,277.41569703504337
158059,3224,0.05,432.0441921101367
158761,3235,0.05,252.50883648732128
159374,3239,0.05,195.30465112646797
160006,3246,0.05,255.87274085789215
160607,3253,0.05,342.68948082339153
161290,3272,0.05,362.52301177900017
161901,3275,0.05,276.21436641612866
162515,3278,0.05,259.103484134657
163061,3282,0.05,280.01067518519767
163779,3287,0.05,227.67056669973056
164462,3294,0.05,178.86286826440698
165198,3300,0.05,277.5451207583018
165834,3304,0.05,463.2290810270699
166489,3310,0.05,235.8307306139301
167252,3318,0.05,233.04959676515887
167771,3320,0.05,148.642753574616
168452,3326,0.05,130.5195767686567
169002,3330,0.05,177.06560848013675
169727,3338,0.05,391.484166880183
170228,3342,0.05,111.29701113808072
170943,3350,0.05,194.1007088752416
171584,3357,0.05,268.7333084420632
172231,3362,0.05,283.87314201514124
172907,3368,0.05,237.6453973473666
173507,3370,0.05,496.1992352892462
174164,3374,0.05,320.73105003988115
174825,3382,0.05,279.0406306606274
175523,3389,0.05,260.3509458105638
176119,3394,0.05,346.17173855344754
176739,3398,0.05,286.2714951544185
177453,3404,0.05,411.3074667357673
178116,3412,0.05,204.39100521567184
178656,3419,0.05,97.73215579464603
179404,3427,0.05,241.93810679967962
180062,3432,0.05,419.1844650288106
180614,3434,0.05,303.04450708952754
181241,3448,0.05,472.2161644007713
181793,3455,0.05,283.65264082013476
182449,3461,0.05,252.73134892449968
183066,3466,0.05,255.00893029480005
183665,3472,0.05,309.4107692174146
184296,3478,0.05,263.65379456272944
184956,3482,0.05,443.6411847266605
185752,3498,0.05,202.8858512002766
186528,3503,0.05,283.84308477977237
187136,3506,0.05,242.97822944540584
187646,3509,0.05,11.70348176032698
188286,3518,0.05,495.11034596511064
188852,3521,0.05,306.3763226512553
189434,3526,0.05,155.4705124197251
190200,3538,0.05,248.98743740584794
190861,3544,0.05,297.5341651525205
191461,3546,0.05,186.4350474177105
191995,3556,0.05,26.805940588834737
192661,3561,0.05,260.6087480575969
193338,3565,0.05,463.9594545164411
193976,3569,0.05,208.27531022139152
194700,3575,0.05,508.61883530327657
195300,3577,0.05,286.51130919705173
195983,3582,0.05,385.5610687366182
196591,3591,0.05,494.1201728552004
197228,3601,0.05,286.5156214660479
197838,3605,0.05,284.85029972374383
198349,3609,0.05,17.127358602371274
199069,3615,0.05,296.39578180630366
199592,3620,0.05,83.08089442693061
200218,3624,0.05,303.8865888586373
200818,3626,0.05,505.92848075516736
201427,3639,0.05,295.7300509624841
201976,3648,0.05,72.14007486476639
202600,3652,0.05,289.74484095235783
203234,3657,0.05,250.15578709628923
203932,3667,0.05,223.09839068108394
204661,3674,0.05,214.84033197356905
205288,3678,0.05,243.64245485021067
206053,3687,0.05,306.2695043456659
206653,3689,0.05,200.56441551687482
207264,3692,0.05,374.5690914456842
207864,3694,0.05,290.60327643856573
208475,3697,0.05,243.52283813490067
209091,3700,0.05,264.3945683420395
209764,3704,0.05,283.3234632539275
210385,3708,0.05,288.67144114629644
210888,3722,0.05,14.270603717229422
211488,3724,0.05,271.75245111015744
211996,3726,0.05,419.57918220921795
212528,3729,0.05,298.6721003513725
213138,3732,0.05,321.23841853718403
213764,3735,0.05,242.05985415322132
214465,3741,0.05,300.23236616941546
215065,3743,0.05,228.6632115067865
215704,3747,0.05,227.55521369942264
216218,3755,0.05,81.29545539860021
216829,3758,0.05,251.71213543340178
217429,3760,0.05,283.11981733434976
217993,3764,0.05,175.37736698133097
218593,3766,0.05,314.7816910028871
219193,3768,0.05,290.9049655306745
219793,3770,0.05,548.4725452209959
220393,3772,0.05,292.4399046383036
221056,3777,0.05,290.8991585122623
221560,3789,0.05,298.11521099713184
222298,3798,0.05,257.90123356598093
222909,3801,0.05,288.18917250840485
223419,3803,0.05,329.1424263526861
223925,3811,0.05,13.453084177909359
224477,3815,0.05,408.9985871641051
225105,3820,0.05,283.75879205573534
225703,3826,0.05,387.6695868674151
226338,3831,0.05,377.6723428712761
227014,3839,0.05,304.20187171226524
227684,3845,0.05,260.4790741991369
228304,3849,0.05,263.63178860136014
229093,3858,0.05,247.17661670972444
229787,3865,0.05,228.86226929123978
230359,3870,0.05,147.76590106948424
231138,3881,0.05,195.21442823101157
231795,3886,0.05,237.46739988111537
232496,3893,0.05,208.59988113584868
233127,3896,0.05,255.5124761688453
233750,3900,0.05,469.54937715684065
234434,3907,0.05,228.93861652372735
235034,3909,0.05,273.9745966270999
235754,3916,0.05,249.13958724594744
236431,3921,0.05,411.5326417345192
237149,3927,0.05,492.394557796088
237777,3931,0.05,296.15261956195235
238508,3938,0.05,298.13625166020194
239248,3947,0.05,286.5041234801091
239869,3950,0.05,274.3592388119238
240577,3955,0.05,216.68209802135246
241291,3963,0.05,233.21611014983324
241891,3975,0.05,501.253997300796
242512,3978,0.05,258.95476645423423
243144,3982,0.05,217.48222844484914
243801,3986,0.05,260.7549223941369
244312,3988,0.05,304.38002444453275
245069,3998,0.05,282.25824166442027
245735,4004,0.05,222.58355511367495
246369,4008,0.05,293.0035395967539
247025,4013,0.05,222.66483129337928
247634,4016,0.05,238.0345903706875
248406,4024,0.05,273.97131693688993
249006,4026,0.05,442.7689258793531
249711,4032,0.05,470.4470194853991
250476,4037,0.05,500.38722038078726
251183,4045,0.05,237.42954488661667
251872,4054,0.05,298.0928503522424
252493,4057,0.05,302.6203681739282
253121,4061,0.05,214.59325176876138
253816,4069,0.05,291.8011525364322
254498,4075,0.05,314.9550968831483
255098,4077,0.05,261.4400112336903
255718,4080,0.05,287.41784640561775
256343,4084,0.05,561.4835935679682
257010,4091,0.05,278.1102422255874
257782,4099,0.05,476.45901562001376
258376,4105,0.05,238.0506965047735
258893,4115,0.05,33.78740619116872
259505,4118,0.05,494.51349772783686
260105,4120,0.05,251.0552873290253
260609,4128,0.05,23.700867002624374
261232,4132,0.05,243.56546573559623
261802,4144,0.05,195.04649291843887
262423,4148,0.05,513.605984987385
263023,4150,0.05,327.5915436180165
263635,4153,0.05,208.66159729803076
264345,4156,0.05,240.1902926200279
264981,4160,0.05,235.1858821037844
265494,4169,0.05,37.871783399329786
266107,4172,0.05,273.49718030875067
266737,4176,0.05,287.99826890663206
267313,4178,0.05,292.11777326737985
267992,4184,0.05,233.20081662546622
268613,4188,0.05,247.48720778382395
269303,4194,0.05,287.3649123686178
269942,4198,0.05,301.0892722867645
270554,4201,0.05,306.5942140885629
271154,4203,0.05,422.50344729360114
271778,4207,0.05,242.81020647339346
272388,4210,0.05,291.89209581682053
273029,4214,0.05,262.1821091659748
273645,4217,0.05,219.87113662782969
274320,4223,0.05,268.0386674447083
274920,4225,0.05,252.40555013923444
275603,4232,0.05,261.25114162036607
276222,4236,0.05,292.8835391851994
276886,4243,0.05,290.11473380345
277556,4248,0.05,231.07506980060958
278222,4253,0.05,276.1019137749664
278822,4255,0.05,238.8727517387884
279422,4257,0.05,290.61216006104837
280064,4262,0.05,247.2433345761111
280779,4270,0.05,302.1346694722937
281448,4275,0.05,338.52515956111955
282108,4292,0.05,201.91659597674698
282872,4297,0.05,287.60066598571296
283615,4301,0.05,258.3364337643359
284291,4305,0.05,241.4191646185996
284899,4308,0.05,303.3459624195397
285601,4314,0.05,270.368682935083
286233,4319,0.05,279.8538373603915
286871,4324,0.05,277.5141684784635
287500,4327,0.05,202.81264256260445
288115,4330,0.05,274.62301167306777
288744,4334,0.05,289.05200049734964
289404,4340,0.05,499.14715262284216
290131,4346,0.05,524.3268000192276
290731,4348,0.05,296.98336302761965
291359,4351,0.05,304.4002559347975
292082,4357,0.05,190.05034837941304
292757,4364,0.05,274.38233306561943
293393,4368,0.05,301.1368307418869
294055,4372,0.05,280.60663854995096
294685,4377,0.05,273.3582930450093
295377,4382,0.05,279.5465929135035
295995,4385,0.05,223.5378464569439
296516,4395,0.05,29.989777470884473
297207,4401,0.05,477.2047639517984
297977,4405,0.05,297.3531821419504
298480,4413,0.05,20.081006505662298
299072,4418,0.05,249.66966872580014
299672,4420,0.05,264.5270982945007
300272,4422,0.05,224.09708332901158
300872,4424,0.05,282.0925473142978
301487,4427,0.05,431.90652975503764
302110,4440,0.05,260.7785562400421
302710,4442,0.05,264.0273566757313
303310,4444,0.05,224.62800859645137
303924,4447,0.05,268.37458217811576
304524,4449,0.05,351.09348514613913
305147,4453,0.05,242.75703830162254
305765,4456,0.05,285.7597984623143
306376,4459,0.05,380.7185764747096
307017,4463,0.05,226.90608145120103
307691,4467,0.05,264.2864446799884
308317,4471,0.05,242.55281704956673
308822,4480,0.05,23.599083458068367
309566,4487,0.05,245.1163580271569
310352,4496,0.05,207.34012707041524
311039,4500,0.05,286.260666700207
311694,4507,0.05,200.00600089941614
312308,4510,0.05,293.3334640905101
312957,4515,0.05,235.63818850282718
313557,4517,0.05,268.2811257369334
314080,4524,0.05,462.98766676107726
314680,4526,0.05,231.8387417953936
315370,4530,0.05,229.2601138757526
316000,4534,0.05,284.7230638048884
316620,4537,0.05,263.7427216342101
317293,4543,0.05,388.4103589449281
317921,4547,0.05,291.919599040075
318503,4550,0.05,329.1630293671422
319185,4558,0.05,240.84263660549382
319878,4563,0.05,299.63413479596136
320510,4568,0.05,414.96973710476897
321236,4577,0.05,220.3857595538703
321943,4582,0.05,297.32612960916185
322718,4603,0.05,208.11754187639417
323373,4608,0.05,425.45922451279745
323988,4611,0.05,387.49278349037166
324676,4615,0.05,243.37648035657864
325311,4618,0.05,285.2761303073196
325920,4621,0.05,302.8318433865563
326520,4623,0.05,252.06443134826606
327212,4628,0.05,454.1523329315423
327868,4632,0.05,301.3539352658452
328544,4639,0.05,266.758665173392
329192,4645,0.05,267.61107274091614
329825,4649,0.05,283.5255812265894
330466,4653,0.05,299.937904717123
331199,4663,0.05,226.49268695696716
331851,4669,0.05,274.1057986822865
332474,4673,0.05,232.73843369308986
333129,4679,0.05,343.0318677949175
333729,4681,0.05,465.0316229027363
334343,4684,0.05,229.065463972347
335006,4691,0.05,296.902985947751
335524,4694,0.05,135.68971076338596
336223,4702,0.05,194.09509309046945
336748,4707,0.05,123.23514192729684
337348,4709,0.05,295.45859265904727
337960,4712,0.05,254.66075523690856
338560,4714,0.05,300.97397877884805
339188,4719,0.05,262.41626778403077
339855,4724,0.05,473.13375494496216
340535,4732,0.05,473.2833087516699
341216,4738,0.05,313.30933455717485
341881,4742,0.05,393.04552322429765
342428,4754,0.05,199.58649053138046
343099,4761,0.05,295.99089426875173
343700,4766,0.05,159.91887921067362
344321,4770,0.05,419.5419913925285
344909,4772,0.05,237.58200464131093
345439,4777,0.05,199.7528117020189
346108,4782,0.05,515.7549944501283
346731,4785,0.05,304.25479403713877
347347,4788,0.05,244.5353444457352
347965,4792,0.05,237.884022143115
348583,4796,0.05,285.0814816024537
349195,4799,0.05,428.91382434473724
349836,4804,0.05,242.28734206656156
350436,4806,0.05,272.50998851455574
351077,4811,0.05,363.4393211269685
351693,4814,0.05,285.0178911641439
352305,4817,0.05,203.76848700539026
352948,4821,0.05,297.309978070767
353722,4829,0.05,309.9537330935193
354342,4833,0.05,296.2097449931471
354977,4837,0.05,294.7331507793179
355609,4842,0.05,264.0421535113995
356209,4844,0.05,290.05912449927666
356838,4847,0.05,224.1652306719848
357438,4849,0.05,198.91831911873754
358050,4852,0.05,286.74708143420514
358685,4856,0.05,394.1521692224825
359285,4858,0.05,293.68014482439725
359906,4861,0.05,220.65365508101738
360670,4868,0.05,229.35999218216816
361362,4876,0.05,459.38982245274923
362068,4884,0.05,289.94772270971634
362686,4898,0.05,231.92479076879675
363376,4903,0.05,258.03171346995225
364094,4911,0.05,299.90571502413906
364705,4914,0.05,216.8778132965916
365318,4917,0.05,296.0655574011436
365930,4920,0.05,286.4504807231384
366530,4922,0.05,234.58885160635825
367053,4933,0.05,42.2357250832316
367672,4936,0.05,292.3930329506462
368341,4941,0.05,273.0552614816881
368984,4947,0.05,216.06072764412792
369584,4949,0.05,282.4838637602788
370271,4955,0.05,288.8227245109827
370775,4962,0.05,13.175033790488296
371452,4970,0.05,290.8115935383041
372067,4973,0.05,340.0279650400798
372627,4977,0.05,170.5111311636158
373365,4988,0.05,275.5995077856231
373984,4992,0.05,286.95739353466763
374755,4999,0.05,240.63961381561822
375490,5011,0.05,229.34383313444565
376114,5015,0.05,297.4349072748343
376737,5019,0.05,479.1339538990824
377350,5022,0.05,278.83546964801286
377960,5025,0.05,251.5678136756343
378650,5032,0.05,234.26247365391131
379324,5039,0.05,281.8676888796474
379944,5042,0.05,294.8456921252249
380693,5049,0.05,289.949622178414
381293,5051,0.05,440.9506245594686
382023,5059,0.05,320.6471591144401
382755,5076,0.05,304.17808082006206
383419,5079,0.05,408.40023701502764
384038,5083,0.05,291.56922172335527
384647,5086,0.05,250.73590541140246
385256,5093,0.05,252.2808789853712
385874,5097,0.05,423.9505749392534
386586,5107,0.05,282.69036097078083
387186,5109,0.05,219.27743768256644
387910,5114,0.05,257.3955087617196
388427,5122,0.05,58.132184203611196
389027,5124,0.05,273.2898265934499
389627,5126,0.05,290.29804533064583
390238,5129,0.05,206.09673608421534
390907,5136,0.05,276.5420754152935
391516,5139,0.05,472.1879950876175
392116,5141,0.05,293.43276282735224
392728,5144,0.05,450.73568190207686
393328,5146,0.05,310.05352482347456
393928,5148,0.05,441.8950204810675
394556,5152,0.05,273.1191253672305
395307,5158,0.05,416.1584471764163
395915,5161,0.05,330.3741963739877
396567,5167,0.05,243.56403162283527
397210,5173,0.05,434.75063861478935
397810,5175,0.05,251.14278447557888
398436,5180,0.05,242.2915965379675
399083,5183,0.05,283.558852723932
399683,5185,0.05,300.6813971184627
400389,5193,0.05,239.2581019077571
400998,5196,0.05,289.0458011026538
401669,5203,0.05,219.69734167816932
402221,5207,0.05,126.83537840214
402868,5222,0.05,212.12416660932792
403388,5230,0.05,341.7471159634992
404140,5240,0.05,299.6458767956495
404809,5247,0.05,236.58721527052987
405409,5249,0.05,292.9199532813346
406062,5254,0.05,250.14803026447206
406785,5260,0.05,299.827001161525
407437,5264,0.05,213.10995489180482
408149,5271,0.05,206.777928091888
408828,5276,0.05,262.16160982703695
409479,5280,0.05,493.2554671575174
410129,5287,0.05,280.1697097447901
410738,5290,0.05,235.15925171028923
411532,5304,0.05,263.7218258012899
412142,5307,0.05,203.60821391777847
412770,5312,0.05,259.45781327859305
413370,5314,0.05,300.17524284316755
413970,5316,0.05,288.4850619605689
414661,5322,0.05,351.6907154596381
415172,5332,0.05,13.698095582370833
415819,5337,0.05,286.2034257023156
416468,5344,0.05,413.79563959291795
417115,5349,0.05,290.4725534224005
417715,5351,0.05,291.81412631341755
418354,5356,0.05,298.9215468227763
418979,5360,0.05,200.40939099543826
419501,5364,0.05,252.48080487248035
420250,5374,0.05,264.65079226164875
420907,5380,0.05,273.53513744569875
421493,5383,0.05,373.70626053828215
422167,5389,0.05,199.50661447455406
422776,5392,0.05,261.8626504914372
423448,5411,0.05,267.8034879119424
424188,5418,0.05,378.2542764914649
424696,5429,0.05,22.527591877220374
425296,5431,0.05,291.9071411396828
425896,5433,0.05,218.2943964496695
426528,5437,0.05,288.78356217481837
427173,5441,0.05,290.9770570515604
427813,5445,0.05,295.9859984958335
428515,5451,0.05,277.77137244413706
429124,5455,0.05,180.97601477555
429724,5457,0.05,250.92819085764305
430324,5459,0.05,427.40266369700186
430995,5465,0.05,229.875757639443
431612,5468,0.05,435.46656600747815
432236,5471,0.05,276.6481430660632
432954,5480,0.05,390.6174828714275
433459,5490,0.05,29.17457380901442
434106,5495,0.05,247.28557667509904
434706,5497,0.05,279.45493310377344
435215,5507,0.05,54.62173900229202
435981,5518,0.05,270.1080032408359
436629,5522,0.05,206.82775810087787
437311,5531,0.05,383.0800097221194
437974,5538,0.05,222.56387389541968
438574,5540,0.05,284.1075128591932
439241,5545,0.05,281.5624911273503
439861,5549,0.05,206.8573774225008
440473,5552,0.05,272.671549281063
441166,5556,0.05,445.1543454957228
441766,5558,0.05,189.56523139345342
442418,5563,0.05,225.37661564391252
443027,5566,0.05,237.2517735248683
443609,5578,0.05,281.98712882839277
444279,5582,0.05,285.62877812431105
444966,5588,0.05,268.65318823802255
445575,5591,0.05,441.41136832018236
446207,5594,0.05,285.07861276966355
446894,5601,0.05,354.6990265637737
447647,5610,0.05,283.83885669764663
448403,5620,0.05,266.09321396283326
449041,5625,0.05,256.9935505699352
449706,5631,0.05,190.35073015922168
450306,5633,0.05,396.4231339524118
450927,5637,0.05,195.46058841153857
451612,5645,0.05,355.07648612546734
452221,5648,0.05,204.2207154660192
452871,5654,0.05,293.1115741995268
453471,5656,0.05,228.91052013975715
454089,5659,0.05,176.8421374602844
454785,5667,0.05,315.73606321540404
455439,5671,0.05,285.6272548509324
456213,5679,0.05,192.7037589924206
456813,5681,0.05,266.29552436877424
457434,5685,0.05,197.0562848479898
458067,5689,0.05,408.9494145796006
458690,5693,0.05,213.57580885919882
459290,5695,0.05,272.21112995204146
459802,5708,0.05,23.42616934096894
460415,5711,0.05,220.63930988294217
461015,5713,0.05,296.35078709703134
461624,5716,0.05,246.76517207114435
462241,5719,0.05,271.42953865285614
462931,5727,0.05,255.2558670400751
463531,5739,0.05,417.98322936284694
464177,5745,0.05,197.24882888034375
464777,5747,0.05,240.37087211001088
465422,5752,0.05,246.01365350548264
466216,5763,0.05,278.64502720642724
466953,5774,0.05,198.6093265013951
467642,5780,0.05,221.55916317237583
468279,5784,0.05,255.91303985632396
468802,5789,0.05,24.211736877999485
469448,5794,0.05,396.3008673317941
470128,5800,0.05,221.73299526827432
470750,5804,0.05,195.89586791769167
471300,5806,0.05,266.26398342950677
471974,5811,0.05,220.79658348943983
472574,5813,0.05,348.12374597452015
473203,5818,0.05,310.94171057547146
473824,5822,0.05,289.92763296184177
474519,5830,0.05,193.9436227970829
475161,5834,0.05,245.59457401280258
475730,5848,0.05,304.3739237530235
476482,5853,0.05,261.3458987322922
477103,5857,0.05,202.08712090127366
477739,5863,0.05,265.8802547459235
478415,5868,0.05,248.06965274781126
479050,5872,0.05,168.3817194995494
479756,5877,0.05,278.987837887232
480365,5880,0.05,185.08281915804787
480965,5882,0.05,253.89604789770084
481565,5884,0.05,467.73910583807077
482267,5891,0.05,257.4732271812675
482883,5895,0.05,218.34185771937447
483570,5911,0.05,189.94850937429612
484191,5914,0.05,294.5508193800492
484810,5917,0.05,189.81975947152435
485471,5921,0.05,279.80340445122005
486116,5925,0.05,199.7443383471476
486748,5930,0.05,184.9781624213589
487393,5934,0.05,184.94110421335924
488025,5938,0.05,255.71334323443895
488732,5945,0.05,277.9138813577456
489482,5955,0.05,288.9240363441706
490180,5965,0.05,233.2219971074799
490822,5970,0.05,277.41570859889185
491480,5976,0.05,206.470796160464
492093,5979,0.05,441.0805101603968
492693,5981,0.05,186.60667379754702
493325,5986,0.05,232.35969431694554
494018,5993,0.05,216.72074729101925
494618,5995,0.05,220.4937610267385
495218,5997,0.05,232.6411810177177
495837,6001,0.05,211.77712797170832
496489,6009,0.05,236.066399541994
497171,6018,0.05,326.86751736527447
497811,6023,0.05,194.88581992975793
498448,6027,0.05,189.76531816327784
499048,6029,0.05,341.3799770771836
499648,6031,0.05,203.1389981474764
500365,6040,0.05,181.17585009652674
500984,6044,0.05,179.75508410773776
501687,6050,0.05,275.4739252931632
502247,6053,0.05,194.11585137104416
502924,6059,0.05,273.11047421962957
503596,6074,0.05,226.02230528874003
504236,6078,0.05,302.06174568496925
504836,6080,0.05,275.71341660728274
505470,6085,0.05,417.7360889881224
506096,6089,0.05,277.6765406122929
506713,6093,0.05,290.36497545140577
507313,6095,0.05,198.18607937314866
507947,6098,0.05,280.9415941944011
508454,6101,0.05,236.16153397677851
508969,6113,0.05,20.851464892565506
509569,6115,0.05,275.88772037819297
510177,6118,0.05,201.12687818710438
510812,6122,0.05,509.6401436723957
511454,6127,0.05,228.82666876060583
512067,6130,0.05,310.8200098227755
512746,6137,0.05,280.6069617598599
513359,6140,0.05,203.74658708881935
514017,6146,0.05,218.8270135655305
514657,6151,0.05,370.5755495088243
515257,6153,0.05,201.31349594646935
515882,6156,0.05,343.965763714173
516482,6158,0.05,285.8372924677405
517128,6162,0.05,181.1502020401313
517830,6169,0.05,193.20057720426547
518373,6183,0.05,42.86245399359619
518992,6187,0.05,286.8943323716559
519618,6194,0.05,161.9976643998383
520318,6202,0.05,291.23027539256844
520959,6207,0.05,284.7526737882068
521465,6215,0.05,113.29522098689051
522142,6220,0.05,416.3816413792438
522762,6224,0.05,219.31207675551755
523408,6228,0.05,268.93510757193155
524060,6244,0.05,191.02923832701205
524773,6253,0.05,220.82035370767204
525381,6256,0.05,406.6028953547139
526043,6263,0.05,231.0767439399903
526741,6269,0.05,223.1372082103317
527341,6271,0.05,198.08601241732046
527987,6275,0.05,489.5862855185598
528587,6277,0.05,235.12919053136534
529201,6280,0.05,193.19071336420217
529838,6283,0.05,293.6182444839783
530438,6285,0.05,220.0667479628378
531106,6292,0.05,371.44655144326134
531726,6295,0.05,226.08098496396903
532417,6302,0.05,279.5659403303761
533098,6307,0.05,291.0876842888054
533707,6310,0.05,230.43173439246405
534319,6313,0.05,268.59578316365526
534930,6316,0.05,286.17037752621894
535508,6323,0.05,177.98682613342444
536218,6330,0.05,185.39452328567754
536850,6335,0.05,225.2172760514273
537356,6338,0.05,382.01906509914113
537984,6342,0.05,203.25439248178236
538729,6351,0.05,367.7803761129107
539358,6355,0.05,201.78763841572288
539982,6359,0.05,268.57812459879733
540594,6362,0.05,292.7622099543355
541333,6373,0.05,235.86467049133304
541947,6376,0.05,254.64534124620076
542562,6379,0.05,341.8095620224822
543170,6383,0.05,195.29199985163567
543876,6402,0.05,473.23917839914924
544518,6408,0.05,296.9147266700973
545174,6413,0.05,287.5124751071263
545809,6417,0.05,156.9520339997243
546530,6424,0.05,180.3199238564771
547277,6434,0.05,283.19347259949734
547951,6441,0.05,315.9960966721555
548551,6443,0.05,237.18314824139088
549075,6446,0.05,25.63626673611451
549696,6449,0.05,210.52246887217927
550358,6454,0.05,296.08020617537073
551005,6459,0.05,270.26149585995427
551614,6462,0.05,456.4644235479114
552241,6465,0.05,290.8429674839727
552879,6469,0.05,226.9150402671445
553508,6474,0.05,207.88139618325212
554188,6480,0.05,295.46350658149737
554759,6482,0.05,246.15503957988523
555523,6487,0.05,295.74536538820297
556215,6495,0.05,299.1907719274337
556815,6497,0.05,195.25321535193547
557437,6501,0.05,290.6094393597842
558057,6505,0.05,130.99364977344072
558674,6509,0.05,296.3896621846924
559347,6516,0.05,418.45686479353736
560002,6522,0.05,187.61622849850835
560620,6525,0.05,224.19697145882688
561263,6530,0.05,201.23927912105538
561910,6533,0.05,294.62547613564163
562555,6538,0.05,317.2838023964003
563165,6541,0.05,287.7128471040274
563812,6557,0.05,264.04460186346967
564434,6561,0.05,244.57834755179422
565057,6565,0.05,208.2364969853368
565657,6567,0.05,248.10675174177481
566341,6574,0.05,295.89356313077843
566973,6578,0.05,483.3851707759942
567679,6585,0.05,270.0511521829409
568219,6588,0.05,257.8834041403737
568972,6602,0.05,294.75108980378917
569605,6607,0.05,218.22954741042207
570329,6617,0.05,281.20935057092726
570929,6619,0.05,290.45790067144014
571548,6623,0.05,226.55344562335586
572225,6632,0.05,299.98737523386325
572825,6634,0.05,231.23932131112278
573443,6637,0.05,296.23190477375357
574111,6641,0.05,204.52669464267078
574720,6644,0.05,228.00975983452102
575249,6648,0.05,297.3749294868573
575998,6657,0.05,294.97638596616804
576598,6659,0.05,492.05267329644596
577198,6661,0.05,196.0952259123633
577820,6665,0.05,295.726487413325
578420,6667,0.05,290.5927041962628
579098,6674,0.05,361.89640775268487
579787,6681,0.05,294.6674600101806
580387,6683,0.05,298.42746537681796
581074,6688,0.05,287.71680242883826
581691,6692,0.05,225.13100075269261
582291,6694,0.05,228.43161718560376
582891,6696,0.05,201.67714316059764
583596,6705,0.05,289.898443828184
584225,6719,0.05,228.58799705953064
584902,6726,0.05,210.9612401546326
585547,6731,0.05,306.79134120971366
586078,6736,0.05,268.1023993967966
586807,6743,0.05,301.52714979980624
587415,6746,0.05,228.81300817996652
587942,6756,0.05,39.684999430583055
588708,6764,0.05,290.5490496770069
589258,6766,0.05,229.92534034674335
589908,6770,0.05,233.46233662376162
590490,6772,0.05,229.21761015527662
591146,6777,0.05,385.0721422064289
591649,6780,0.05,111.85736139753986
592327,6788,0.05,408.0556019764219
592953,6792,0.05,431.37330903629135
593553,6794,0.05,293.48822178665796
594153,6796,0.05,231.0479872566647
594676,6805,0.05,57.59149415669795
595286,6808,0.05,236.7055904015658
595994,6818,0.05,299.78831488812597
596679,6824,0.05,187.53013334178894
597335,6829,0.05,294.41506008346795
598081,6836,0.05,304.5589397222082
598708,6839,0.05,293.84691075575364
599358,6846,0.05,301.9323922938799
600030,6852,0.05,208.84825159268723
600630,6854,0.05,303.80896279210316
601230,6856,0.05,306.7604697360251
601830,6858,0.05,220.6984482106366
602589,6869,0.05,286.0009512782865
603199,6872,0.05,294.52292538096265
603799,6874,0.05,222.07442388806157
604429,6888,0.05,178.25941910686956
605029,6890,0.05,285.44519965324207
605551,6893,0.05,232.41420354807042
606151,6895,0.05,167.5874522421123
606761,6898,0.05,215.81919812331068
607397,6903,0.05,294.68385972572526
608033,6906,0.05,207.9458115432722
608701,6912,0.05,284.79912375141896
609268,6917,0.05,389.02004809300394
609931,6923,0.05,276.29514942738166
610432,6937,0.05,14.349474933530809
611094,6941,0.05,213.52800838538937
611657,6945,0.05,232.5051382308626
612257,6947,0.05,230.23163411646576
612893,6951,0.05,277.3831457406998
613571,6958,0.05,389.0156464024316
614182,6961,0.05,391.3014970166486
614953,6967,0.05,300.8358971950447
615566,6970,0.05,299.46192780455453
616188,6974,0.05,270.8301169907516
616693,6983,0.05,11.700239399786732
617293,6985,0.05,293.4818119250797
617893,6987,0.05,243.76723725501824
618493,6989,0.05,227.44900995677213
619102,6992,0.05,294.53290323218744
619765,6996,0.05,301.4770788528264
620412,7000,0.05,224.04701061436612
621051,7003,0.05,543.1790132711734
621553,7007,0.05,301.31681615821356
622228,7010,0.05,276.7798827384143
622863,7014,0.05,264.23927046067325
623474,7017,0.05,552.4673159857872
624035,7020,0.05,300.95346440761756
624646,7033,0.05,238.85150530313123
625258,7036,0.05,298.9416407578545
625919,7042,0.05,296.3062807779896
626579,7048,0.05,197.5558035337416
627179,7050,0.05,211.3722718427285
627846,7056,0.05,258.0912045444932
628446,7058,0.05,266.3086521782187
629046,7060,0.05,409.4842763685741
629646,7062,0.05,291.44010979792034
630374,7072,0.05,286.10369137123024
631131,7077,0.05,284.1158933742705
631780,7081,0.05,274.31497983851466
632555,7092,0.05,399.10256450909935
633107,7096,0.05,288.5961538316004
633707,7098,0.05,298.1853706128967
634413,7111,0.05,297.60637792186935
635022,7114,0.05,291.6779759704925
635692,7120,0.05,379.94722105496135
636445,7124,0.05,491.9982337962154
637113,7132,0.05,199.2771238380033
637660,7137,0.05,131.9283141460821
638274,7140,0.05,248.58847298496775
638879,7144,0.05,318.500403392533
639549,7150,0.05,296.72657032825686
640175,7155,0.05,311.61314502772973
640775,7157,0.05,285.98120311822896
641440,7163,0.05,497.66978300119143
642099,7169,0.05,267.29576968481234
642710,7172,0.05,246.55599831298179
643351,7177,0.05,256.9198399986679
644010,7182,0.05,269.8346964935637
644753,7197,0.05,243.09998328250157
645521,7211,0.05,295.0668349668256
646154,7215,0.05,299.51910319676784
646788,7220,0.05,329.51170991583416
647491,7227,0.05,289.18114465769486
648135,7231,0.05,296.49999692286684
648768,7236,0.05,296.99366483224134
649368,7238,0.05,296.83355770926045
650040,7245,0.05,221.50802334920246
650659,7253,0.05,302.2908145951581
651173,7264,0.05,60.50670162187136
651806,7269,0.05,245.22899281386665
652459,7275,0.05,250.24481519700808
653059,7277,0.05,312.066410334318
653672,7280,0.05,198.65652274147627
654448,7284,0.05,412.72416083440163
655149,7291,0.05,392.36679248019203
655779,7294,0.05,248.89664930123982
656483,7303,0.05,238.70222320014514
657083,7305,0.05,314.67922353099897
657835,7311,0.05,232.25221599037792
658542,7318,0.05,303.5558770684026
659199,7324,0.05,209.45620845739302
659799,7326,0.05,292.01300649615797
660427,7330,0.05,262.54261989110773
660959,7335,0.05,469.75577519510824
661586,7341,0.05,214.83732960719652
662209,7356,0.05,531.1886965684955
662838,7359,0.05,277.96704634046023
663471,7364,0.05,447.24346693300663
664039,7372,0.05,140.1736456139408
664694,7387,0.05,290.08415775342337
665303,7390,0.05,238.18398057885702
665903,7392,0.05,312.07727479271927
666657,7399,0.05,309.69761951862773
667389,7407,0.05,209.08858660733958
668082,7414,0.05,220.38583293097255
668619,7420,0.05,92.04573524219246
669237,7423,0.05,278.6834595051198
669837,7425,0.05,385.92963077235754
670446,7428,0.05,296.71905054140893
671067,7432,0.05,231.83220887609758
671667,7434,0.05,371.08563314418353
672301,7438,0.05,284.5573468408028
672938,7442,0.05,365.8453852511149
673619,7449,0.05,234.3940206604677
674241,7453,0.05,299.18099888607304
674902,7458,0.05,308.13067062420316
675564,7464,0.05,447.13393446133915
676236,7469,0.05,425.9495813603115
676947,7476,0.05,299.62751333381146
677447,7486,0.05,264.8076471473731
678109,7491,0.05,313.28242717324343
678873,7499,0.05,410.42804901267976
679575,7509,0.05,292.55436079100565
680195,7513,0.05,300.1031750481067
680885,7520,0.05,306.03098676082277
681541,7527,0.05,296.9384527903131
682155,7533,0.05,436.39674562585805
682755,7535,0.05,252.43961751800683
683355,7537,0.05,421.21945441617794
683982,7541,0.05,330.0693406886424
684771,7562,0.05,253.39574697789735
685394,7566,0.05,383.86042769451126
686193,7577,0.05,495.4434185245157
686861,7584,0.05,221.81430374175872
687531,7589,0.05,421.5594808043964
688141,7592,0.05,511.2927499551638
688902,7597,0.05,248.29906153626297
689414,7604,0.05,208.2899554804922
690045,7608,0.05,280.13925723941935
690645,7610,0.05,310.96143481143406
691319,7618,0.05,370.85616101055433
692091,7627,0.05,225.3134447430278
692711,7630,0.05,264.1755967706733
693354,7636,0.05,276.07034722252104
694124,7650,0.05,275.80827108062533
694751,7654,0.05,267.03898270012047
695428,7661,0.05,261.9406746867652
696037,7664,0.05,295.81854174285763
696680,7670,0.05,283.41610469618155
697321,7675,0.05,289.0189069510947
697942,7678,0.05,296.8127707926586
698690,7687,0.05,257.1648965122283
699227,7691,0.05,307.01471275176687
699897,7694,0.05,281.91398843049376
700522,7697,0.05,400.92143510367873
701195,7706,0.05,229.14720467607225
701743,7710,0.05,471.94329049049077
702343,7712,0.05,274.7831138896817
702997,7720,0.05,312.541241756326
703597,7722,0.05,293.795518035747
704256,7736,0.05,242.928476597842
704999,7753,0.05,293.99438882366303
705693,7761,0.05,552.8404330436615
706326,7765,0.05,396.280442245601
706926,7767,0.05,217.15160128379603
707637,7772,0.05,262.72078088125505
708271,7776,0.05,216.15017108177602
708871,7778,0.05,273.0676194992385
709595,7785,0.05,303.20961317497364
710266,7789,0.05,427.1250896207309
710866,7791,0.05,495.24347226376085
711456,7798,0.05,298.4187448342224
712143,7806,0.05,309.28002679325647
712821,7813,0.05,457.97840193302
713588,7821,0.05,304.3765706553466
714313,7830,0.05,227.87642055049736
714921,7833,0.05,361.19450992046734
715521,7835,0.05,294.43324172818177
716121,7837,0.05,255.37638790865608
716778,7842,0.05,293.6918782061087
717283,7847,0.05,70.0581905675772
717948,7854,0.05,275.3177976749571
718563,7857,0.05,509.2477444670544
719095,7861,0.05,253.26291720478028
719705,7864,0.05,246.88780172283717
720363,7868,0.05,261.7941279186564
720984,7871,0.05,303.06288325948043
721512,7887,0.05,250.0611011881336
722135,7890,0.05,291.15246361622866
722762,7893,0.05,272.63820193092647
723362,7895,0.05,306.19798889354786
724055,7902,0.05,292.7663023387731
724678,7905,0.05,259.4418743153516
725185,7921,0.05,98.7972761337494
725829,7924,0.05,290.7295644145145
726438,7927,0.05,309.75288466096
727211,7936,0.05,290.2288677773873
727850,7942,0.05,308.23253365993764
728430,7947,0.05,200.33740706220985
729039,7950,0.05,370.9693129440625
729814,7956,0.05,280.8484907182598
730608,7960,0.05,282.7498000407932
731224,7963,0.05,528.3776889916272
731898,7968,0.05,188.25090771390856
732590,7975,0.05,293.6459084897227
733220,7979,0.05,227.6943747972325
733845,7982,0.05,285.0112793905077
734445,7984,0.05,266.13765084875735
735084,7989,0.05,233.6513151896217
735724,7994,0.05,212.87991482114626
736401,7999,0.05,267.4290963918328
737161,8005,0.05,364.33950116533254
737783,8009,0.05,277.4703923915758
738383,8011,0.05,260.9267527534748
739059,8018,0.05,318.06460454329346
739668,8021,0.05,303.40686022567377
740414,8025,0.05,285.9375110578777
741190,8029,0.05,299.56962351013254
741884,8038,0.05,318.5696113120986
742651,8049,0.05,197.3238802199909
743260,8052,0.05,303.2151710401235
743902,8056,0.05,291.1583726179357
744508,8061,0.05,97.44822451645241
745139,8075,0.05,217.23671006737337
745750,8078,0.05,277.8230758617586
746518,8086,0.05,246.35433746659078
747244,8095,0.05,259.7873987649333
747844,8097,0.05,267.2997547959846
748452,8100,0.05,280.4461403973789
749166,8104,0.05,299.946058467806
749855,8112,0.05,296.32499312512346
750507,8115,0.05,294.3942283322449
751126,8119,0.05,235.05146338560408
751842,8128,0.05,428.2663803081628
752550,8133,0.05,283.18734282803985
753202,8138,0.05,235.71412638773077
753840,8143,0.05,295.89724673496937
754498,8150,0.05,302.342258328996
755182,8158,0.05,285.3757969272934
755860,8163,0.05,252.06153692115168
756478,8167,0.05,292.94050952381383
757092,8170,0.05,298.7309773698355
757799,8179,0.05,253.02116930668785
758411,8182,0.05,299.1780630148201
758969,8185,0.05,300.6456120855514
759607,8189,0.05,193.30130888359372
760207,8191,0.05,396.0459291156383
760906,8198,0.05,398.56941164325787
761408,8204,0.05,19.175672116050524
762131,8213,0.05,240.23416665214407
762781,8217,0.05,560.9210459219369
763567,8229,0.05,298.9836239889323
764167,8231,0.05,461.1021038717346
764888,8238,0.05,216.98320580897106
765518,8252,0.05,272.3653915823771
766132,8255,0.05,245.3737001474362
766792,8258,0.05,285.2604844491753
767392,8260,0.05,217.20678681623772
768074,8266,0.05,444.1881180590363
768711,8270,0.05,259.96904283113616
769376,8277,0.05,328.26230329402136
770109,8287,0.05,228.96451084348888
770749,8292,0.05,235.47799977612607
771498,8298,0.05,246.12462123663886
772098,8300,0.05,230.49406562081975
772891,8311,0.05,235.21601989962224
773639,8321,0.05,333.4930434461356
774242,8326,0.05,281.165376316512
774842,8328,0.05,191.53650064907038
775451,8331,0.05,296.90671129384515
776214,8335,0.05,261.66340460860016
776840,8339,0.05,257.5822177522711
777488,8345,0.05,271.64506454062473
778088,8347,0.05,266.15934121579664
778688,8349,0.05,275.83872691819175
779308,8352,0.05,281.42419441336483
779980,8358,0.05,291.6213436783305
780577,8370,0.05,320.8597759883238
781319,8377,0.05,281.2565881613717
781915,8384,0.05,108.74691823643977
782656,8394,0.05,281.2862620027443
783253,8398,0.05,284.08583612590127
783922,8405,0.05,223.68753553226614
784530,8408,0.05,216.75465438617755
785130,8410,0.05,253.921642620936
785741,8423,0.05,225.4364447671391
786399,8430,0.05,304.83048103042637
787104,8437,0.05,244.800413566355
787754,8441,0.05,197.90029014852595
788365,8444,0.05,392.24565590134125
788882,8456,0.05,40.281750050304964
789503,8459,0.05,313.72188934286567
790112,8462,0.05,261.73826167341736
790801,8468,0.05,288.2883125016814
791457,8475,0.05,284.11498043205205
792216,8486,0.05,358.8721298040309
792732,8497,0.05,35.75047722687388
793353,8501,0.05,271.67842935450074
794041,8507,0.05,229.0156957016476
794700,8510,0.05,280.5048309801309
795300,8512,0.05,245.96022553706172
795910,8515,0.05,283.7806968346656
796510,8517,0.05,493.6853826163876
797178,8523,0.05,295.40667397407435
797844,8530,0.05,289.52892739793884
798614,8544,0.05,293.14557056291767
799278,8551,0.05,222.60970953139207
799901,8554,0.05,296.4489399202911
800535,8558,0.05,538.3806688956006
801138,8563,0.05,170.89121692590606
801850,8572,0.05,368.51693504763756
802476,8576,0.05,252.05010854582503
803076,8578,0.05,258.41257395421667
803676,8580,0.05,240.03487332739695
804341,8588,0.05,236.40880047957464
804960,8591,0.05,300.1789482339241
805691,8605,0.05,261.89316626758796
806366,8612,0.05,284.2748692467302
806973,8615,0.05,269.95411106989405
807609,8618,0.05,274.87625240458533
808242,8622,0.05,218.46379128805236
808852,8625,0.05,292.4239472746942
809352,8635,0.05,54.47679698621838
809989,8639,0.05,281.7443377364987
810702,8647,0.05,269.7228320220099
811353,8651,0.05,330.7873640150943
811953,8653,0.05,240.39990553452137
812669,8661,0.05,293.9271577174929
813186,8669,0.05,18.607847401178756
813802,8673,0.05,294.7029025236337
814433,8677,0.05,208.1009691828621
815128,8685,0.05,295.65975655424876
815816,8691,0.05,211.5580460640094
816434,8695,0.05,526.1839757672452
817201,8706,0.05,230.0114841927908
817814,8709,0.05,271.6627036155806
818510,8715,0.05,276.0615899578827
819125,8718,0.05,293.77130420610166
819796,8724,0.05,236.78164734040658
820396,8726,0.05,273.40120204666493
820996,8728,0.05,232.2137705306821
821667,8734,0.05,299.4351518402312
822168,8745,0.05,13.34471866642502
822837,8750,0.05,198.3140801267004
823495,8756,0.05,286.43872009437456
824126,8760,0.05,271.77263475743797
824838,8767,0.05,292.097904215978
825384,8770,0.05,378.0311371792799
826010,8784,0.05,221.93947103888567
826619,8787,0.05,284.25625196703464
827219,8789,0.05,348.3998079287725
827887,8796,0.05,298.6044697436591
828500,8799,0.05,272.9057164410531
829111,8802,0.05,200.63591982783657
829636,8804,0.05,269.27276774655894
830328,8813,0.05,317.12650742958346
830928,8815,0.05,216.7334154582819
831537,8818,0.05,263.6937633795305
832210,8825,0.05,200.37735025847368
832977,8836,0.05,249.881682321721
833587,8839,0.05,301.20686763250245
834281,8846,0.05,219.28001288753643
834883,8853,0.05,293.8004629696858
835528,8858,0.05,303.5860698285851
836203,8865,0.05,296.32205617338235
836803,8867,0.05,256.8618074175392
837419,8870,0.05,274.2286280215766
838122,8877,0.05,264.4162893374722
838746,8881,0.05,248.88323581671034
839418,8887,0.05,305.99782790118627
840028,8890,0.05,254.93552593098164
840628,8892,0.05,300.44157187846776
841228,8894,0.05,535.5381463023796
841946,8902,0.05,269.1232033541091
842611,8909,0.05,275.4809416510432
843245,8914,0.05,240.0546573759315
843864,8918,0.05,277.97721234288906
844513,8924,0.05,281.9723949210717
845113,8926,0.05,261.5202863414731
845775,8942,0.05,271.35281590372597
846491,8946,0.05,324.6210345188147
847170,8952,0.05,182.1297693146747
847843,8959,0.05,261.58966793397525
848510,8964,0.05,218.85781169023602
849203,8973,0.05,274.4575703352364
849803,8975,0.05,283.61960395662635
850434,8978,0.05,287.09808949800987
851139,8984,0.05,338.9640769882985
851763,8988,0.05,217.79711621206351
852404,8993,0.05,297.6335870765229
853097,9001,0.05,423.2219665346184
853634,9006,0.05,264.14739203578387
854233,9011,0.05,338.82866888070316
854844,9014,0.05,346.4239287857731
855444,9016,0.05,446.0227230105751
856161,9025,0.05,333.05499949406084
856771,9028,0.05,252.23253066638225
857422,9033,0.05,273.0299517163797
858084,9037,0.05,292.04982644151954
858706,9040,0.05,554.6729070639295
859338,9044,0.05,249.4696064373588
859938,9046,0.05,272.5022844881376
860568,9051,0.05,378.5028499182421
861196,9054,0.05,287.1837558347929
861808,9057,0.05,428.00319097860887
862428,9061,0.05,349.97397310732566
863067,9065,0.05,292.9043292942082
863677,9068,0.05,293.9803801078914
864364,9075,0.05,273.57179640967064
864996,9080,0.05,233.000367304167
865779,9098,0.05,260.8718205562549
866425,9103,0.05,264.34856837362065
867047,9107,0.05,218.99694035357504
867698,9111,0.05,254.50854566757158
868365,9117,0.05,353.5620252983259
869048,9124,0.05,289.2413767846391
869665,9127,0.05,316.70689914668554
870185,9139,0.05,34.050888043638324
870880,9144,0.05,524.9231968919864
871664,9154,0.05,276.3472858888868
872296,9158,0.05,276.8219829616891
872933,9162,0.05,225.76245777609222
873619,9167,0.05,543.591996393852
874303,9175,0.05,284.83796421225765
875025,9185,0.05,219.21369451965856
875675,9190,0.05,222.66656508691565
876421,9201,0.05,262.804599257028
877124,9206,0.05,288.61001719464775
877734,9209,0.05,231.25599309605255
878394,9214,0.05,216.32012879164128
878904,9221,0.05,16.3437475203853
879525,9225,0.05,244.8797095578345
880143,9228,0.05,296.9549597915338
880743,9230,0.05,471.16335450438163
881343,9232,0.05,259.5538100627581
881985,9236,0.05,254.2771932968455
882585,9238,0.05,302.06358121860455
883258,9245,0.05,238.7791653209597
883950,9252,0.05,269.1211356289446
884592,9256,0.05,241.64224795765443
885265,9263,0.05,298.82890215545456
885920,9279,0.05,272.7183084221978
886559,9285,0.05,271.7141394684375
887219,9291,0.05,256.1798651972559
887837,9295,0.05,276.0561775922137
888437,9297,0.05,286.81089598501427
889023,9299,0.05,397.9993484672494
889798,9311,0.05,424.74296475705086
890398,9313,0.05,271.513054219594
891010,9316,0.05,242.44346502079387
891610,9318,0.05,193.99940990186587
892222,9321,0.05,220.06822927047304
892845,9325,0.05,476.7504190927268
893496,9328,0.05,199.0853644425954
894096,9330,0.05,279.2412791298881
894707,9333,0.05,226.07582695996382
895386,9338,0.05,336.7299406467784
895998,9341,0.05,259.74054491489795
896641,9347,0.05,245.9113139723688
897403,9357,0.05,431.39701435316806
898003,9359,0.05,258.84074878602684
898633,9364,0.05,467.2257934929971
899233,9366,0.05,445.4529344069928
899833,9368,0.05,340.68860698846106
900459,9372,0.05,314.70993465885186
901070,9375,0.05,259.3462915097838
901683,9378,0.05,415.97304008344634
902294,9381,0.05,370.7448266743752
902894,9383,0.05,286.0574706394944
903533,9388,0.05,236.02880633005967
904142,9391,0.05,252.02978740543088
904805,9396,0.05,297.8347260349679
905405,9398,0.05,438.52694709642014
906033,9413,0.05,381.54505701067876
906646,9416,0.05,246.24068994115478
907296,9421,0.05,275.19593551778706
907908,9424,0.05,285.31769928233933
908596,9431,0.05,265.7378884509971
909232,9435,0.05,207.30648161965706
909920,9443,0.05,231.1081118178779
910609,9452,0.05,271.6004865852354
911225,9455,0.05,276.0920878865399
911877,9460,0.05,250.50353908957547
912636,9473,0.05,235.82586481897542
913253,9476,0.05,270.47073820012685
913930,9482,0.05,222.19570170036405
914576,9488,0.05,306.2692301406265
915176,9490,0.05,295.0973406567784
915796,9494,0.05,294.68393579122164
916541,9504,0.05,215.18013156809667
917141,9506,0.05,214.37629662033575
917774,9511,0.05,439.12435015302583
918387,9514,0.05,241.2408184123916
918987,9516,0.05,292.76817167191825
919715,9526,0.05,256.2869662701319
920330,9529,0.05,290.7953312769481
920975,9534,0.05,269.4083118600451
921643,9538,0.05,266.91657798204824
922334,9545,0.05,289.05550642097944
923098,9551,0.05,201.98487114949933
923710,9554,0.05,263.49579028810314
924218,9557,0.05,248.8683700831027
924860,9560,0.05,232.2581629642547
925530,9566,0.05,342.59036256067367
926142,9579,0.05,226.67537122824353
926693,9581,0.05,224.25264442983615
927331,9585,0.05,267.1117790555219
927988,9590,0.05,284.53379555587117
928675,9598,0.05,299.9542100892443
929314,9604,0.05,460.0095533603742
929914,9606,0.05,268.7886834752057
930514,9608,0.05,303.52996048799423
931135,9612,0.05,239.2581072488036
931735,9614,0.05,228.99054758240416
932390,9619,0.05,261.3199752170864
933002,9622,0.05,256.2745828938795
933520,9627,0.05,144.9417510796415
934148,9631,0.05,285.2055571280727
934772,9635,0.05,277.6260537172462
935464,9642,0.05,235.22043326404895
935967,9651,0.05,25.675741966558807
936707,9658,0.05,280.85128963811263
937334,9663,0.05,294.4696903970776
937985,9668,0.05,289.7457175162461
938646,9673,0.05,197.68607164329708
939257,9676,0.05,299.91695682858085
939857,9678,0.05,262.16286765481925
940536,9686,0.05,284.37244814692616
941121,9697,0.05,293.2407889261231
941795,9701,0.05,240.6212303730589
942441,9707,0.05,220.30279293259153
943112,9715,0.05,228.96059954233297
943820,9722,0.05,249.93246483754407
944478,9728,0.05,392.3118996387073
945199,9736,0.05,284.0730083315727
945903,9747,0.05,246.57645995274996
946526,9760,0.05,263.63729238548336
947126,9762,0.05,271.6036745751395
947765,9766,0.05,301.019104484841
948365,9768,0.05,247.24080891200757
949049,9774,0.05,436.2477174738401
949674,9778,0.05,277.50551956720045
950274,9780,0.05,295.6457559525046
950929,9786,0.05,270.44358871301205
951726,9793,0.05,519.4552936253535
952326,9795,0.05,266.381912149987
952959,9798,0.05,445.9662352101319
953578,9801,0.05,249.37016793728708
954172,9803,0.05,373.3798363765499
954812,9808,0.05,276.11413171360505
955490,9815,0.05,295.59920922962743
956181,9823,0.05,288.3724675497252
956819,9828,0.05,273.12885064462466
957475,9835,0.05,457.5902356819062
958114,9839,0.05,263.3136158120485
958770,9844,0.05,279.10103468114454
959381,9847,0.05,255.1856615774059
960091,9854,0.05,480.878639695485
960762,9860,0.05,279.5671903777845
961282,9872,0.05,452.2063494481033
962003,9879,0.05,296.27143084039164
962673,9884,0.05,293.79696665133565
963299,9887,0.05,249.7005148710206
963983,9895,0.05,258.77109579812236
964647,9903,0.05,282.1642699611296
965262,9906,0.05,267.78111774180013
965896,9911,0.05,293.27269548461044
966572,9929,0.05,271.4799149913597
967340,9941,0.05,262.2190674900987
968022,9949,0.05,259.1649291619962
968774,9962,0.05,291.79181646632424
969531,9973,0.05,279.73518094198465
970167,9977,0.05,275.0294820783162
970902,9983,0.05,297.43642722480456
971468,9989,0.05,296.2506691058498
972145,9994,0.05,295.07215809740046
972919,10004,0.05,258.46551510992236
973530,10007,0.05,305.98365890511803
974198,10015,0.05,274.8191031410577
974997,10027,0.05,279.29127064755914
975646,10032,0.05,288.0151677758702
976331,10037,0.05,294.8930566048263
976931,10039,0.05,257.487342775865
977680,10047,0.05,237.66514560462187
978292,10050,0.05,247.42951979776439
978910,10054,0.05,291.1616040879748
979519,10057,0.05,358.19273655070805
980150,10061,0.05,308.3245898271019
980707,10073,0.05,110.45146611118695
981483,10081,0.05,257.8062851670685
982233,10085,0.05,269.0217860619625
982851,10089,0.05,253.9456802080664
983481,10094,0.05,289.7617649792678
984109,10099,0.05,427.83845694341005
984740,10102,0.05,265.3216181492486
985256,10114,0.05,21.925658893256834
985923,10122,0.05,302.4184723402282
986532,10135,0.05,267.3465652556143
987132,10137,0.05,372.57452535804924
987779,10143,0.05,296.1230212541695
988481,10151,0.05,267.0167082554403
989055,10158,0.05,226.02918054745348
989694,10163,0.05,503.12646761926555
990194,10172,0.05,15.25381346101433
990819,10176,0.05,458.99744334870326
991499,10184,0.05,249.85438004628142
992118,10187,0.05,252.61261956877945
992810,10196,0.05,364.5682252703781
993424,10199,0.05,242.97195294132234
994056,10204,0.05,517.8310122329387
994688,10209,0.05,258.1373921859443
995243,10223,0.05,250.83914132221773
995873,10228,0.05,434.8263711133122
996541,10235,0.05,254.07882406821957
997161,10239,0.05,257.8410085291084
997938,10252,0.05,278.2725090315114
998648,10260,0.05,248.41661125005615
999283,10265,0.05,261.3663560023217
999946,10270,0.05,238.25199564782324
